,Accuracy,Precision,Recall,F1,10kf_Accuracy,10kf_Precision,10kf_Recall,10kf_F1,Accuracy_sort,Precision_sort,Recall_sort,F1_sort,10kf_Accuracy_sort,10kf_Precision_sort,10kf_Recall_sort,10kf_F1_sort,sort_score
"XGBClassifier(base_score=None, booster=None, callbacks=None,
              colsample_bylevel=None, colsample_bynode=None,
              colsample_bytree=1.0, early_stopping_rounds=None,
              enable_categorical=False, eval_metric=None, feature_types=None,
              gamma=None, gpu_id=None, grow_policy=None, importance_type=None,
              interaction_constraints=None, learning_rate=0.11198227854479059,
              max_bin=None, max_cat_threshold=None, max_cat_to_onehot=None,
              max_delta_step=None, max_depth=44, max_leaves=None,
              min_child_weight=None, missing=nan, monotone_constraints=None,
              n_estimators=500, n_jobs=None, num_parallel_tree=None,
              predictor=None, random_state=None, ...)",0.8387096774193549,0.8773216031280547,0.8387096774193549,0.8496911461908031,0.8616666666666667,0.8726142376142377,0.8616666666666667,0.8585116832485253,0,0,0,0,2,2,2,2,8
"SVC(C=1000000.0, gamma=10.0)",0.8387096774193549,0.8498463901689707,0.8387096774193549,0.8432673317465944,0.8808333333333334,0.9085074647574649,0.8808333333333334,0.8727692866951179,2,2,2,2,0,0,0,0,8
"RandomForestClassifier(max_depth=10, n_estimators=1000)",0.8387096774193549,0.8773216031280547,0.8387096774193549,0.8496911461908031,0.8416666666666666,0.8626264476264476,0.835,0.8213368291171494,1,1,1,1,3,3,3,3,16
<catboost.core.CatBoostClassifier object at 0x0000020B87E90190>,0.7419354838709677,0.7738429172510519,0.7419354838709677,0.7549923195084486,0.8683333333333334,0.8798869648869649,0.8683333333333334,0.8649667097035518,4,4,4,4,1,1,1,1,20
LogisticRegression(C=6219.651807261148),0.7741935483870968,0.7598014888337469,0.7741935483870968,0.7661434075096314,0.6966666666666667,0.6914490139490139,0.6966666666666667,0.6774799372167793,3,5,3,3,5,5,5,5,34
"DecisionTreeClassifier(max_depth=10, min_samples_split=4)",0.7096774193548387,0.7961876832844574,0.7096774193548387,0.7362428842504743,0.7949999999999999,0.8242382617382618,0.8149999999999998,0.7959289448480457,5,3,5,5,4,4,4,4,34
