,Accuracy,Precision,Recall,F1,10kf_Accuracy,10kf_Precision,10kf_Recall,10kf_F1,Accuracy_sort,Precision_sort,Recall_sort,F1_sort,10kf_Accuracy_sort,10kf_Precision_sort,10kf_Recall_sort,10kf_F1_sort,sort_score
<catboost.core.CatBoostClassifier object at 0x000002D52E79D160>,0.7777777777777778,0.8531746031746033,0.7777777777777778,0.8074074074074074,0.898611111111111,0.9107142857142858,0.898611111111111,0.8863369963369964,2,2,2,2,0,0,1,0,9
"XGBClassifier(base_score=None, booster=None, callbacks=None,
              colsample_bylevel=None, colsample_bynode=None,
              colsample_bytree=0.6652308419253498, early_stopping_rounds=None,
              enable_categorical=False, eval_metric=None, feature_types=None,
              gamma=None, gpu_id=None, grow_policy=None, importance_type=None,
              interaction_constraints=None, learning_rate=0.01, max_bin=None,
              max_cat_threshold=None, max_cat_to_onehot=None,
              max_delta_step=None, max_depth=3, max_leaves=None,
              min_child_weight=None, missing=nan, monotone_constraints=None,
              n_estimators=316, n_jobs=None, num_parallel_tree=None,
              predictor=None, random_state=None, ...)",0.8333333333333334,0.8666666666666667,0.8333333333333334,0.8473118279569892,0.8402777777777779,0.8718253968253968,0.8402777777777779,0.8309860509860509,0,0,0,0,4,3,4,4,15
"SVC(C=1000000.0, gamma=10.0)",0.7777777777777778,0.8531746031746033,0.7777777777777778,0.8074074074074074,0.8847222222222222,0.9081349206349205,0.8847222222222222,0.8762985162985164,4,3,3,3,1,1,2,1,18
LogisticRegression(C=6219.651807261148),0.8333333333333334,0.8666666666666667,0.8333333333333334,0.8473118279569892,0.7847222222222222,0.7956349206349206,0.7847222222222222,0.7651404151404151,1,1,1,1,5,5,5,5,24
"RandomForestClassifier(max_depth=50, n_estimators=10)",0.7222222222222222,0.8427350427350428,0.7222222222222222,0.7673782156540777,0.8736111111111111,0.90515873015873,0.9,0.8462160062160062,5,4,5,5,2,2,0,2,25
"DecisionTreeClassifier(max_depth=1, min_samples_leaf=4, min_samples_split=20)",0.7777777777777778,0.7777777777777778,0.7777777777777778,0.7777777777777778,0.85,0.8718253968253966,0.85,0.8342063492063492,3,5,4,4,3,4,3,3,29
