,Accuracy,Precision,Recall,F1,10kf_Accuracy,10kf_Precision,10kf_Recall,10kf_F1,Accuracy_sort,Precision_sort,Recall_sort,F1_sort,10kf_Accuracy_sort,10kf_Precision_sort,10kf_Recall_sort,10kf_F1_sort,sort_score
<catboost.core.CatBoostClassifier object at 0x000001C92B9912E0>,0.9090909090909091,0.9186602870813396,0.9090909090909091,0.9002525252525252,0.9354545454545455,0.9461742424242423,0.9354545454545455,0.9316105169340462,1,1,1,1,0,0,0,0,4
"XGBClassifier(base_score=None, booster=None, callbacks=None,
              colsample_bylevel=None, colsample_bynode=None,
              colsample_bytree=0.5366826832913386, early_stopping_rounds=None,
              enable_categorical=False, eval_metric=None, feature_types=None,
              gamma=None, gpu_id=None, grow_policy=None, importance_type=None,
              interaction_constraints=None, learning_rate=0.285002476537752,
              max_bin=None, max_cat_threshold=None, max_cat_to_onehot=None,
              max_delta_step=None, max_depth=50, max_leaves=None,
              min_child_weight=None, missing=nan, monotone_constraints=None,
              n_estimators=500, n_jobs=None, num_parallel_tree=None,
              predictor=None, random_state=None, ...)",0.9545454545454546,0.957070707070707,0.9545454545454546,0.9526695526695526,0.8618181818181819,0.8660858585858586,0.8618181818181819,0.8565836516424753,0,0,0,0,3,4,4,3,14
"SVC(C=196.72233182511027, gamma=1.6788751625938505)",0.8181818181818182,0.8181818181818182,0.8181818181818182,0.8181818181818182,0.9272727272727274,0.9339646464646464,0.9272727272727274,0.9212133944486887,4,4,4,3,1,1,1,1,19
DecisionTreeClassifier(max_depth=10),0.8181818181818182,0.8528138528138528,0.8181818181818182,0.7671451355661882,0.8981818181818182,0.9146212121212122,0.8800000000000001,0.8859878422231364,3,3,3,4,2,2,2,2,21
"RandomForestClassifier(max_depth=50, n_estimators=10)",0.9090909090909091,0.9186602870813396,0.9090909090909091,0.9002525252525252,0.8345454545454546,0.868133116883117,0.8627272727272727,0.8498234314704904,2,2,2,2,4,3,3,4,22
LogisticRegression(C=20.75501921584577),0.7727272727272727,0.7318181818181819,0.7727272727272727,0.7332397332397332,0.7790909090909091,0.769431818181818,0.7790909090909091,0.758020944741533,5,5,5,5,5,5,5,5,40
