,Accuracy,Precision,Recall,F1,10kf_Accuracy,10kf_Precision,10kf_Recall,10kf_F1,Accuracy_sort,Precision_sort,Recall_sort,F1_sort,10kf_Accuracy_sort,10kf_Precision_sort,10kf_Recall_sort,10kf_F1_sort,sort_score
<catboost.core.CatBoostClassifier object at 0x0000025AB6C48220>,1.0,1.0,1.0,1.0,0.9742857142857142,0.9765699006875478,0.9742857142857142,0.9740348783028157,0,0,0,0,1,1,0,0,2
DecisionTreeClassifier(max_depth=50),1.0,1.0,1.0,1.0,0.96,0.9567386894151599,0.9628571428571429,0.9542223731597902,1,1,1,1,3,4,3,3,17
"RandomForestClassifier(max_depth=50, min_samples_leaf=4, min_samples_split=4,
                       n_estimators=1000)",0.9857142857142858,0.986111111111111,0.9857142857142858,0.9855685839172967,0.9742857142857144,0.9766333927510399,0.9714285714285713,0.973943038459403,3,4,4,4,0,0,1,1,17
"XGBClassifier(base_score=None, booster=None, callbacks=None,
              colsample_bylevel=None, colsample_bynode=None,
              colsample_bytree=0.8345324554303744, early_stopping_rounds=None,
              enable_categorical=False, eval_metric=None, feature_types=None,
              gamma=None, gpu_id=None, grow_policy=None, importance_type=None,
              interaction_constraints=None, learning_rate=0.08233547037844142,
              max_bin=None, max_cat_threshold=None, max_cat_to_onehot=None,
              max_delta_step=None, max_depth=12, max_leaves=None,
              min_child_weight=None, missing=nan, monotone_constraints=None,
              n_estimators=126, n_jobs=None, num_parallel_tree=None,
              objective='multi:softprob', predictor=None, ...)",0.9857142857142858,0.9863945578231293,0.9857142857142858,0.9856421963234411,0.9685714285714285,0.9717769289533995,0.9685714285714285,0.9683772367001027,2,3,3,3,2,2,2,2,19
"SVC(C=41668.62256126163, gamma=0.07168747960724776)",0.9857142857142858,0.9866071428571429,0.9857142857142858,0.9858411807920925,0.9542857142857143,0.9569075630252101,0.9542857142857143,0.953983079912008,4,2,2,2,4,3,4,4,25
LogisticRegression(C=0.36154963081497044),0.9428571428571428,0.9431972789115646,0.9428571428571428,0.9426408746846089,0.8685714285714285,0.8759046453080067,0.8685714285714285,0.8686060619035233,5,5,5,5,5,5,5,5,40
