,Accuracy,Precision,Recall,F1,10kf_Accuracy,10kf_Precision,10kf_Recall,10kf_F1,Accuracy_sort,Precision_sort,Recall_sort,F1_sort,10kf_Accuracy_sort,10kf_Precision_sort,10kf_Recall_sort,10kf_F1_sort,sort_score
"SVC(C=25.022995423532738, gamma=3.931144395135048)",0.9523809523809523,0.9553571428571429,0.9523809523809523,0.950984499371596,0.9318181818181819,0.9364772727272728,0.9318181818181819,0.9311515151515151,0,0,0,0,0,0,0,0,0
<catboost.core.CatBoostClassifier object at 0x0000018E9372E4C0>,0.8095238095238095,0.8379120879120879,0.8095238095238095,0.8163265306122449,0.8463636363636363,0.8381919191919192,0.8463636363636363,0.8242435995377171,1,1,1,1,1,2,1,2,10
"RandomForestClassifier(max_depth=50, min_samples_split=20, n_estimators=1000)",0.7619047619047619,0.8134920634920635,0.7619047619047619,0.7724867724867724,0.8254545454545454,0.8471103896103896,0.8354545454545453,0.8337878787878787,3,2,3,3,2,1,2,1,17
"XGBClassifier(base_score=None, booster=None, callbacks=None,
              colsample_bylevel=None, colsample_bynode=None,
              colsample_bytree=0.6388183552355893, early_stopping_rounds=None,
              enable_categorical=False, eval_metric=None, feature_types=None,
              gamma=None, gpu_id=None, grow_policy=None, importance_type=None,
              interaction_constraints=None, learning_rate=0.015565121371730665,
              max_bin=None, max_cat_threshold=None, max_cat_to_onehot=None,
              max_delta_step=None, max_depth=6, max_leaves=None,
              min_child_weight=None, missing=nan, monotone_constraints=None,
              n_estimators=50, n_jobs=None, num_parallel_tree=None,
              predictor=None, random_state=None, ...)",0.8095238095238095,0.8095238095238095,0.8095238095238095,0.8095238095238095,0.8236363636363636,0.8010429292929293,0.8236363636363636,0.7964435515464927,2,4,2,2,3,4,3,3,23
"DecisionTreeClassifier(max_depth=10, min_samples_split=20)",0.7619047619047619,0.8134920634920635,0.7619047619047619,0.7724867724867724,0.8163636363636364,0.8088106060606061,0.8163636363636364,0.7915986905251612,4,3,4,4,4,3,4,4,30
LogisticRegression(C=6219.651807261148),0.6666666666666666,0.6111111111111112,0.6666666666666666,0.6262626262626262,0.7690909090909089,0.7624765512265512,0.7690909090909089,0.7477828739887563,5,5,5,5,5,5,5,5,40
