,Accuracy,Precision,Recall,F1,10kf_Accuracy,10kf_Precision,10kf_Recall,10kf_F1,Accuracy_sort,Precision_sort,Recall_sort,F1_sort,10kf_Accuracy_sort,10kf_Precision_sort,10kf_Recall_sort,10kf_F1_sort,sort_score
<catboost.core.CatBoostClassifier object at 0x000001C92CAFBCD0>,0.8636363636363636,0.8863636363636364,0.8636363636363636,0.8512396694214875,0.9163636363636364,0.9261868686868686,0.9163636363636364,0.9118020117137764,0,0,0,0,0,0,0,0,0
DecisionTreeClassifier(max_depth=10),0.8636363636363636,0.8863636363636364,0.8636363636363636,0.8512396694214875,0.8709090909090909,0.9054419191919191,0.8527272727272728,0.8476536241536241,2,2,2,2,3,1,3,3,18
"SVC(C=1000000.0, gamma=10.0)",0.8181818181818182,0.8564593301435408,0.8181818181818182,0.7925133689839572,0.8781818181818183,0.8866414141414142,0.8781818181818183,0.8739758378876026,3,3,3,3,1,3,1,1,18
"RandomForestClassifier(max_depth=50, n_estimators=10)",0.8636363636363636,0.8863636363636364,0.8636363636363636,0.8512396694214875,0.8254545454545454,0.8578787878787878,0.8527272727272728,0.8415054749172397,1,1,1,1,4,4,4,4,20
"XGBClassifier(base_score=None, booster=None, callbacks=None,
              colsample_bylevel=None, colsample_bynode=None,
              colsample_bytree=1.0, early_stopping_rounds=None,
              enable_categorical=False, eval_metric=None, feature_types=None,
              gamma=None, gpu_id=None, grow_policy=None, importance_type=None,
              interaction_constraints=None, learning_rate=0.6020455499355074,
              max_bin=None, max_cat_threshold=None, max_cat_to_onehot=None,
              max_delta_step=None, max_depth=44, max_leaves=None,
              min_child_weight=None, missing=nan, monotone_constraints=None,
              n_estimators=215, n_jobs=None, num_parallel_tree=None,
              predictor=None, random_state=None, ...)",0.7727272727272727,0.7689393939393938,0.7727272727272727,0.7520661157024794,0.8718181818181818,0.8895472582972582,0.8718181818181818,0.8657731516849163,4,5,5,4,2,2,2,2,26
LogisticRegression(C=2.2886931033035043),0.7727272727272727,0.8295454545454546,0.7727272727272727,0.7258297258297257,0.7227272727272728,0.679975665748393,0.7227272727272728,0.6776838765809354,5,4,4,5,5,5,5,5,38
