,Accuracy,Precision,Recall,F1,10kf_Accuracy,10kf_Precision,10kf_Recall,10kf_F1,Accuracy_sort,Precision_sort,Recall_sort,F1_sort,10kf_Accuracy_sort,10kf_Precision_sort,10kf_Recall_sort,10kf_F1_sort,sort_score
<catboost.core.CatBoostClassifier object at 0x0000025AB6AFAA90>,1.0,1.0,1.0,1.0,0.9716666666666667,0.9741824170745741,0.9716666666666667,0.9713741217062702,0,0,0,0,2,0,2,1,5
"XGBClassifier(base_score=None, booster=None, callbacks=None,
              colsample_bylevel=None, colsample_bynode=None,
              colsample_bytree=0.7510665510030913, early_stopping_rounds=None,
              enable_categorical=False, eval_metric=None, feature_types=None,
              gamma=None, gpu_id=None, grow_policy=None, importance_type=None,
              interaction_constraints=None, learning_rate=0.025623778690351914,
              max_bin=None, max_cat_threshold=None, max_cat_to_onehot=None,
              max_delta_step=None, max_depth=37, max_leaves=None,
              min_child_weight=None, missing=nan, monotone_constraints=None,
              n_estimators=362, n_jobs=None, num_parallel_tree=None,
              objective='multi:softprob', predictor=None, ...)",1.0,1.0,1.0,1.0,0.9575396825396826,0.9606597992555164,0.9575396825396826,0.956514298202975,1,1,1,1,3,3,3,3,16
"SVC(C=1940.98621904077, gamma=0.3938543795758355)",0.9859154929577465,0.9867439933719967,0.9859154929577465,0.9860205522177353,0.9717460317460317,0.9737700983990972,0.9717460317460317,0.9715530716310923,4,3,3,3,1,1,1,0,16
"RandomForestClassifier(max_depth=10, n_estimators=1000)",0.9859154929577465,0.9863297431648717,0.9859154929577465,0.9857934317508324,0.9745238095238096,0.9733917089961981,0.9745238095238096,0.9684507792281336,2,4,4,4,0,2,0,2,18
DecisionTreeClassifier(max_depth=50),0.9859154929577465,0.9867439933719967,0.9859154929577465,0.9860205522177353,0.9491269841269843,0.9472914438502673,0.9462698412698411,0.9520496489407101,3,2,2,2,4,4,4,4,25
LogisticRegression(C=0.3170264778227766),0.8873239436619719,0.8889376392132057,0.8873239436619719,0.8856053608103434,0.8693650793650795,0.8756523173242361,0.8693650793650795,0.8676925462267018,5,5,5,5,5,5,5,5,40
