,Accuracy,Precision,Recall,F1,10kf_Accuracy,10kf_Precision,10kf_Recall,10kf_F1,Accuracy_sort,Precision_sort,Recall_sort,F1_sort,10kf_Accuracy_sort,10kf_Precision_sort,10kf_Recall_sort,10kf_F1_sort,sort_score
<catboost.core.CatBoostClassifier object at 0x0000025AB7C3FFD0>,0.9577464788732394,0.9575717331282982,0.9577464788732394,0.9573103465968856,0.9716666666666667,0.9742771553065671,0.9716666666666667,0.971181506044128,1,1,1,1,0,0,0,0,4
"SVC(C=130221.30681171377, gamma=10.0)",0.971830985915493,0.9727883429609916,0.971830985915493,0.9709910500490042,0.9574603174603175,0.9609077469371586,0.9574603174603175,0.9564191836039134,0,0,0,0,3,3,3,3,12
"XGBClassifier(base_score=None, booster=None, callbacks=None,
              colsample_bylevel=None, colsample_bynode=None,
              colsample_bytree=0.7378037499802299, early_stopping_rounds=None,
              enable_categorical=False, eval_metric=None, feature_types=None,
              gamma=None, gpu_id=None, grow_policy=None, importance_type=None,
              interaction_constraints=None, learning_rate=1.0, max_bin=None,
              max_cat_threshold=None, max_cat_to_onehot=None,
              max_delta_step=None, max_depth=3, max_leaves=None,
              min_child_weight=None, missing=nan, monotone_constraints=None,
              n_estimators=50, n_jobs=None, num_parallel_tree=None,
              objective='multi:softprob', predictor=None, ...)",0.9577464788732394,0.9575717331282982,0.9577464788732394,0.9573103465968856,0.9688095238095238,0.9720224231106582,0.9688095238095238,0.9684150656518582,2,2,2,2,1,1,2,2,14
"RandomForestClassifier(max_depth=50, min_samples_split=20)",0.9577464788732394,0.9571660733632565,0.9577464788732394,0.9570920472328923,0.9687301587301587,0.9691229144856596,0.9715873015873016,0.9685696034102962,3,3,3,3,2,2,1,1,18
"DecisionTreeClassifier(max_depth=10, min_samples_split=4)",0.9436619718309859,0.9436619718309859,0.9436619718309859,0.9436619718309859,0.949047619047619,0.9411958116579966,0.9407142857142856,0.9433330536780484,4,4,4,4,4,4,4,4,32
LogisticRegression(C=2099.9902336250484),0.8309859154929577,0.8358079511552071,0.8309859154929577,0.8325296607229584,0.866904761904762,0.8778500435445924,0.866904761904762,0.8656836793940365,5,5,5,5,5,5,5,5,40
