,Accuracy,Precision,Recall,F1,10kf_Accuracy,10kf_Precision,10kf_Recall,10kf_F1,Accuracy_sort,Precision_sort,Recall_sort,F1_sort,10kf_Accuracy_sort,10kf_Precision_sort,10kf_Recall_sort,10kf_F1_sort,sort_score
<catboost.core.CatBoostClassifier object at 0x000001BD421B3250>,0.8260869565217391,0.862700228832952,0.8260869565217391,0.8073316283034953,0.884090909090909,0.8938804713804712,0.884090909090909,0.8757867187278953,0,0,0,0,1,1,1,1,4
"SVC(C=782.4231748352765, gamma=0.5424911559392923)",0.8260869565217391,0.862700228832952,0.8260869565217391,0.8073316283034953,0.8939393939393939,0.9046849446849446,0.8939393939393939,0.8887155165096342,1,1,1,1,0,0,0,0,4
"XGBClassifier(base_score=None, booster=None, callbacks=None,
              colsample_bylevel=None, colsample_bynode=None,
              colsample_bytree=0.8236501016224932, early_stopping_rounds=None,
              enable_categorical=False, eval_metric=None, feature_types=None,
              gamma=None, gpu_id=None, grow_policy=None, importance_type=None,
              interaction_constraints=None, learning_rate=1.0, max_bin=None,
              max_cat_threshold=None, max_cat_to_onehot=None,
              max_delta_step=None, max_depth=50, max_leaves=None,
              min_child_weight=None, missing=nan, monotone_constraints=None,
              n_estimators=50, n_jobs=None, num_parallel_tree=None,
              predictor=None, random_state=None, ...)",0.782608695652174,0.7855072463768116,0.782608695652174,0.7674065065369414,0.85,0.8676430976430975,0.85,0.8406419494964388,2,2,2,2,3,3,2,2,18
"RandomForestClassifier(max_depth=50, n_estimators=10)",0.7391304347826086,0.7391304347826086,0.7391304347826086,0.7391304347826086,0.8659090909090909,0.8879713804713806,0.8386363636363636,0.8160494842847783,3,3,3,3,2,2,3,4,23
"DecisionTreeClassifier(max_depth=10, min_samples_split=20)",0.6521739130434783,0.6755852842809364,0.6521739130434783,0.6590752242926156,0.8325757575757574,0.8431986531986532,0.8325757575757574,0.8245248705542825,4,4,4,4,4,4,4,3,31
LogisticRegression(C=6219.651807261148),0.6521739130434783,0.6342710997442456,0.6521739130434783,0.6381987577639753,0.7265151515151516,0.7283597883597884,0.7265151515151516,0.7051050643542903,5,5,5,5,5,5,5,5,40
