,Accuracy,Precision,Recall,F1,10kf_Accuracy,10kf_Precision,10kf_Recall,10kf_F1,Accuracy_sort,Precision_sort,Recall_sort,F1_sort,10kf_Accuracy_sort,10kf_Precision_sort,10kf_Recall_sort,10kf_F1_sort,sort_score
"SVC(C=373.82321671690266, gamma=0.6496271212600946)",0.9,0.9,0.9,0.9,0.9166666666666666,0.9292261904761906,0.9166666666666666,0.907269943019943,1,2,1,1,0,0,0,0,5
<catboost.core.CatBoostClassifier object at 0x000002BBD0274E50>,0.95,0.96,0.95,0.9519713261648747,0.8877777777777778,0.8920039682539684,0.8877777777777778,0.8832755392755394,0,0,0,0,1,2,2,2,7
"XGBClassifier(base_score=None, booster=None, callbacks=None,
              colsample_bylevel=None, colsample_bynode=None,
              colsample_bytree=0.9954540038984643, early_stopping_rounds=None,
              enable_categorical=False, eval_metric=None, feature_types=None,
              gamma=None, gpu_id=None, grow_policy=None, importance_type=None,
              interaction_constraints=None, learning_rate=0.9228739048233452,
              max_bin=None, max_cat_threshold=None, max_cat_to_onehot=None,
              max_delta_step=None, max_depth=40, max_leaves=None,
              min_child_weight=None, missing=nan, monotone_constraints=None,
              n_estimators=202, n_jobs=None, num_parallel_tree=None,
              predictor=None, random_state=None, ...)",0.85,0.8666666666666666,0.85,0.8559139784946236,0.8877777777777778,0.9000039682539684,0.8877777777777778,0.8841088726088726,2,3,3,3,2,1,1,1,16
"DecisionTreeClassifier(max_depth=50, min_samples_split=4)",0.85,0.9142857142857143,0.85,0.8626959247648903,0.8666666666666666,0.8635317460317461,0.8666666666666666,0.8680550005550005,4,1,2,2,4,4,4,3,24
"RandomForestClassifier(max_depth=50, n_estimators=10)",0.85,0.8666666666666666,0.85,0.8559139784946236,0.8766666666666666,0.8639484126984126,0.8877777777777778,0.8220033577533578,3,4,4,4,3,3,3,4,28
LogisticRegression(C=2.4151576687407337),0.8,0.64,0.8,0.7111111111111111,0.7766666666666666,0.6833589065255732,0.7766666666666666,0.7073489190548014,5,5,5,5,5,5,5,5,40
