,Accuracy,Precision,Recall,F1,10kf_Accuracy,10kf_Precision,10kf_Recall,10kf_F1,Accuracy_sort,Precision_sort,Recall_sort,F1_sort,10kf_Accuracy_sort,10kf_Precision_sort,10kf_Recall_sort,10kf_F1_sort,sort_score
"SVC(C=140.8198226599806, gamma=10.0)",0.8787878787878788,0.8731601731601732,0.8787878787878788,0.8709315375982043,0.8878676470588236,0.9018064411079119,0.8878676470588236,0.878530849017422,1,1,1,1,1,1,1,1,8
<catboost.core.CatBoostClassifier object at 0x000001FB9F47F6D0>,0.8787878787878788,0.8787878787878788,0.8787878787878788,0.8787878787878788,0.8823529411764707,0.8990053206597326,0.8823529411764707,0.8746141625140986,0,0,0,0,2,3,2,2,9
"XGBClassifier(base_score=None, booster=None, callbacks=None,
              colsample_bylevel=None, colsample_bynode=None,
              colsample_bytree=0.7804532559046337, early_stopping_rounds=None,
              enable_categorical=False, eval_metric=None, feature_types=None,
              gamma=None, gpu_id=None, grow_policy=None, importance_type=None,
              interaction_constraints=None, learning_rate=0.017088929771905823,
              max_bin=None, max_cat_threshold=None, max_cat_to_onehot=None,
              max_delta_step=None, max_depth=4, max_leaves=None,
              min_child_weight=None, missing=nan, monotone_constraints=None,
              n_estimators=369, n_jobs=None, num_parallel_tree=None,
              predictor=None, random_state=None, ...)",0.8181818181818182,0.8181818181818182,0.8181818181818182,0.8181818181818182,0.8886029411764707,0.9009581594875714,0.8886029411764707,0.8829232284481645,3,4,3,3,0,2,0,0,15
RandomForestClassifier(max_depth=50),0.8484848484848485,0.8417508417508418,0.8484848484848485,0.8440867308791837,0.8569852941176471,0.9142628082701613,0.8819852941176471,0.8671598031199593,2,2,2,2,3,0,3,3,17
"DecisionTreeClassifier(max_depth=10, min_samples_split=4)",0.7878787878787878,0.8254281949934122,0.7878787878787878,0.8001018589253884,0.7768382352941177,0.8188747486173955,0.7952205882352941,0.8068616494687466,5,3,5,4,4,4,4,4,33
LogisticRegression(C=2.122561767325718),0.8181818181818182,0.797979797979798,0.8181818181818182,0.7883116883116884,0.7463235294117647,0.7567459868562809,0.7463235294117647,0.6997811804208862,4,5,4,5,5,5,5,5,38
