,Accuracy,Precision,Recall,F1,10kf_Accuracy,10kf_Precision,10kf_Recall,10kf_F1,Accuracy_sort,Precision_sort,Recall_sort,F1_sort,10kf_Accuracy_sort,10kf_Precision_sort,10kf_Recall_sort,10kf_F1_sort,sort_score
DecisionTreeClassifier(max_depth=10),1.0,1.0,1.0,1.0,0.9603174603174602,0.9673347181141299,0.9717460317460317,0.965642271883182,0,0,0,0,3,3,1,3,10
"XGBClassifier(base_score=None, booster=None, callbacks=None,
              colsample_bylevel=None, colsample_bynode=None,
              colsample_bytree=0.7276787850212556, early_stopping_rounds=None,
              enable_categorical=False, eval_metric=None, feature_types=None,
              gamma=None, gpu_id=None, grow_policy=None, importance_type=None,
              interaction_constraints=None, learning_rate=1.0, max_bin=None,
              max_cat_threshold=None, max_cat_to_onehot=None,
              max_delta_step=None, max_depth=3, max_leaves=None,
              min_child_weight=None, missing=nan, monotone_constraints=None,
              n_estimators=500, n_jobs=None, num_parallel_tree=None,
              objective='multi:softprob', predictor=None, ...)",0.971830985915493,0.9732394366197182,0.971830985915493,0.9717480835499291,0.9688888888888888,0.9721108250481315,0.9688888888888888,0.9686064572383447,2,2,2,1,1,1,2,1,12
"RandomForestClassifier(max_depth=50, min_samples_split=4)",0.9577464788732394,0.960838199931295,0.9577464788732394,0.9573415174591856,0.9744444444444443,0.9736638796932915,0.9745238095238096,0.9741187556035916,3,3,3,3,0,0,0,0,12
<catboost.core.CatBoostClassifier object at 0x0000025AB7C7ED30>,0.971830985915493,0.9732394366197182,0.971830985915493,0.9711860909044008,0.9688888888888888,0.971016083732802,0.9688888888888888,0.9681062773799789,1,1,1,2,2,2,3,2,14
"SVC(C=5133.1996388454245, gamma=0.1052848867410274)",0.9577464788732394,0.960838199931295,0.9577464788732394,0.9562013430795746,0.9488888888888889,0.953103110462686,0.9488888888888889,0.9483623479403251,4,4,4,4,4,4,4,4,32
LogisticRegression(C=108.76961159937966),0.9154929577464789,0.9208017334777898,0.9154929577464789,0.9150854087844451,0.8639682539682539,0.8786118510995777,0.8639682539682539,0.8640642475722604,5,5,5,5,5,5,5,5,40
