,Accuracy,Precision,Recall,F1,10kf_Accuracy,10kf_Precision,10kf_Recall,10kf_F1,Accuracy_sort,Precision_sort,Recall_sort,F1_sort,10kf_Accuracy_sort,10kf_Precision_sort,10kf_Recall_sort,10kf_F1_sort,sort_score
<catboost.core.CatBoostClassifier object at 0x000001BD41FAC100>,0.9130434782608695,0.9232736572890026,0.9130434782608695,0.9095496894409938,0.9015151515151514,0.9112878787878786,0.9015151515151514,0.8977381659734602,0,0,0,0,0,0,0,0,0
"SVC(C=1000000.0, gamma=2.434756935836836)",0.8695652173913043,0.8687888198757764,0.8695652173913043,0.8673211781206172,0.8318181818181818,0.8423484848484849,0.8318181818181818,0.8249431287666582,1,1,1,1,2,2,2,2,12
"RandomForestClassifier(max_depth=50, min_samples_split=20, n_estimators=1000)",0.7391304347826086,0.7391304347826086,0.7391304347826086,0.7391304347826086,0.875,0.8741919191919191,0.8666666666666666,0.8582460458931047,3,3,3,3,1,1,1,1,16
"XGBClassifier(base_score=None, booster=None, callbacks=None,
              colsample_bylevel=None, colsample_bynode=None,
              colsample_bytree=1.0, early_stopping_rounds=None,
              enable_categorical=False, eval_metric=None, feature_types=None,
              gamma=None, gpu_id=None, grow_policy=None, importance_type=None,
              interaction_constraints=None, learning_rate=0.01, max_bin=None,
              max_cat_threshold=None, max_cat_to_onehot=None,
              max_delta_step=None, max_depth=28, max_leaves=None,
              min_child_weight=None, missing=nan, monotone_constraints=None,
              n_estimators=50, n_jobs=None, num_parallel_tree=None,
              predictor=None, random_state=None, ...)",0.782608695652174,0.8369565217391305,0.782608695652174,0.748729531338227,0.8227272727272729,0.8209812409812409,0.8227272727272729,0.8108858897094192,2,2,2,2,3,3,3,3,20
"DecisionTreeClassifier(max_depth=10, min_samples_leaf=4, min_samples_split=20)",0.6956521739130435,0.6797101449275362,0.6956521739130435,0.6743691091517178,0.7954545454545455,0.8034872534872536,0.7954545454545455,0.7835636476812947,4,4,4,4,4,4,4,4,32
LogisticRegression(C=6219.651807261148),0.6521739130434783,0.6342710997442456,0.6521739130434783,0.6381987577639753,0.7515151515151516,0.7712914862914864,0.7515151515151516,0.7258110516934047,5,5,5,5,5,5,5,5,40
