,Accuracy,Precision,Recall,F1,10kf_Accuracy,10kf_Precision,10kf_Recall,10kf_F1,Accuracy_sort,Precision_sort,Recall_sort,F1_sort,10kf_Accuracy_sort,10kf_Precision_sort,10kf_Recall_sort,10kf_F1_sort,sort_score
<catboost.core.CatBoostClassifier object at 0x000001CDC628B2E0>,0.9879518072289156,0.9885255306942055,0.9879518072289156,0.9880114306643328,0.9758420441347271,0.9770879883203374,0.9758420441347271,0.9757243335592746,0,0,0,0,0,0,0,0,0
"RandomForestClassifier(max_depth=10, n_estimators=10)",0.9879518072289156,0.9882864792503346,0.9879518072289156,0.9878821896469953,0.9710220673635307,0.9727560506116786,0.9662020905923343,0.9682449819252092,1,1,1,1,1,1,1,1,8
"XGBClassifier(base_score=None, booster=None, callbacks=None,
              colsample_bylevel=None, colsample_bynode=None,
              colsample_bytree=0.5494385384669757, early_stopping_rounds=None,
              enable_categorical=False, eval_metric=None, feature_types=None,
              gamma=None, gpu_id=None, grow_policy=None, importance_type=None,
              interaction_constraints=None, learning_rate=0.10788439818033578,
              max_bin=None, max_cat_threshold=None, max_cat_to_onehot=None,
              max_delta_step=None, max_depth=3, max_leaves=None,
              min_child_weight=None, missing=nan, monotone_constraints=None,
              n_estimators=50, n_jobs=None, num_parallel_tree=None,
              objective='multi:softprob', predictor=None, ...)",0.9518072289156626,0.955093099671413,0.9518072289156626,0.9525084464843502,0.9661440185830431,0.9683108668110941,0.9661440185830431,0.9653797631000272,2,3,3,2,2,3,2,3,20
DecisionTreeClassifier(max_depth=50),0.9518072289156626,0.955427771692832,0.9518072289156626,0.9520165625106248,0.9636469221835077,0.9686950003152093,0.9635888501742162,0.9659293142310293,3,2,2,3,3,2,3,2,20
"SVC(C=4803.1307064395705, gamma=0.0991372564985293, kernel='poly')",0.9518072289156626,0.9515533397959653,0.9518072289156626,0.9508992232830508,0.9419279907084785,0.9490922139223533,0.9419279907084785,0.9397212610606637,4,4,4,4,4,4,4,4,32
LogisticRegression(C=64.05140525676612),0.8554216867469879,0.8602768215720024,0.8554216867469879,0.8566393160102594,0.8692218350754937,0.873029063981481,0.8692218350754937,0.8671696242942961,5,5,5,5,5,5,5,5,40
