,Accuracy,Precision,Recall,F1,10kf_Accuracy,10kf_Precision,10kf_Recall,10kf_F1,Accuracy_sort,Precision_sort,Recall_sort,F1_sort,10kf_Accuracy_sort,10kf_Precision_sort,10kf_Recall_sort,10kf_F1_sort,sort_score
RandomForestClassifier(max_depth=50),0.8695652173913043,0.9347826086956522,0.8695652173913043,0.8860164512338425,0.8666666666666668,0.9134343434343434,0.8939393939393939,0.871695689930984,1,0,0,0,2,0,0,2,5
<catboost.core.CatBoostClassifier object at 0x000001BD42185310>,0.8695652173913043,0.8890160183066361,0.8695652173913043,0.8772097467749643,0.8848484848484848,0.906523569023569,0.8848484848484848,0.8819919296389885,0,3,1,1,0,1,1,0,7
"SVC(C=1000000.0, gamma=10.0)",0.8260869565217391,0.9254658385093167,0.8260869565217391,0.8512077294685991,0.884090909090909,0.8910918710918712,0.884090909090909,0.8797193220722633,3,2,3,3,1,2,2,1,17
"XGBClassifier(base_score=None, booster=None, callbacks=None,
              colsample_bylevel=None, colsample_bynode=None,
              colsample_bytree=0.795703916758384, early_stopping_rounds=None,
              enable_categorical=False, eval_metric=None, feature_types=None,
              gamma=None, gpu_id=None, grow_policy=None, importance_type=None,
              interaction_constraints=None, learning_rate=0.01, max_bin=None,
              max_cat_threshold=None, max_cat_to_onehot=None,
              max_delta_step=None, max_depth=5, max_leaves=None,
              min_child_weight=None, missing=nan, monotone_constraints=None,
              n_estimators=363, n_jobs=None, num_parallel_tree=None,
              predictor=None, random_state=None, ...)",0.8260869565217391,0.9254658385093167,0.8260869565217391,0.8512077294685991,0.8583333333333332,0.8858970658970658,0.8583333333333332,0.8567838697250462,2,1,2,2,3,3,3,3,19
"DecisionTreeClassifier(max_depth=50, min_samples_split=4)",0.782608695652174,0.8106407322654462,0.782608695652174,0.7953495779582738,0.8469696969696969,0.8369191919191918,0.8015151515151514,0.8224502730385085,4,5,5,5,4,4,4,4,35
LogisticRegression(C=67.4762806265702),0.782608695652174,0.8618925831202047,0.782608695652174,0.8100274187230707,0.7689393939393939,0.7407346189164371,0.7689393939393939,0.7348689459834971,5,4,4,4,5,5,5,5,37
