,Accuracy,Precision,Recall,F1,10kf_Accuracy,10kf_Precision,10kf_Recall,10kf_F1,Accuracy_sort,Precision_sort,Recall_sort,F1_sort,10kf_Accuracy_sort,10kf_Precision_sort,10kf_Recall_sort,10kf_F1_sort,sort_score
"RandomForestClassifier(max_depth=50, n_estimators=1000)",0.8636363636363636,0.8851674641148325,0.8636363636363636,0.8467532467532467,0.8800000000000001,0.8847727272727273,0.8800000000000001,0.8654924879042527,1,1,1,1,1,2,3,2,12
"SVC(C=75657.64881174629, gamma=0.1364204313865534)",0.8181818181818182,0.8106060606060607,0.8181818181818182,0.8053475935828878,0.8990909090909092,0.910429292929293,0.8990909090909092,0.8923732150202739,3,5,4,2,0,0,0,0,14
<catboost.core.CatBoostClassifier object at 0x000001C92BA92580>,0.8181818181818182,0.8545454545454546,0.8181818181818182,0.7828282828282828,0.8800000000000001,0.8895707070707071,0.8800000000000001,0.8738595620066208,2,2,2,3,2,1,2,1,15
"XGBClassifier(base_score=None, booster=None, callbacks=None,
              colsample_bylevel=None, colsample_bynode=None,
              colsample_bytree=0.47262474621685147, early_stopping_rounds=None,
              enable_categorical=False, eval_metric=None, feature_types=None,
              gamma=None, gpu_id=None, grow_policy=None, importance_type=None,
              interaction_constraints=None, learning_rate=0.2974387735837522,
              max_bin=None, max_cat_threshold=None, max_cat_to_onehot=None,
              max_delta_step=None, max_depth=10, max_leaves=None,
              min_child_weight=None, missing=nan, monotone_constraints=None,
              n_estimators=50, n_jobs=None, num_parallel_tree=None,
              predictor=None, random_state=None, ...)",0.9545454545454546,0.9572192513368983,0.9545454545454546,0.953168044077135,0.8427272727272725,0.853219696969697,0.8427272727272725,0.83315718105424,0,0,0,0,4,4,4,4,16
DecisionTreeClassifier(max_depth=10),0.7727272727272727,0.8268398268398268,0.7727272727272727,0.7069147069147068,0.8518181818181818,0.8794570707070706,0.8881818181818181,0.8576866630101924,5,4,5,5,3,3,1,3,29
LogisticRegression(C=1.3915829429823707),0.8181818181818182,0.8545454545454546,0.8181818181818182,0.7828282828282828,0.76,0.7171166207529842,0.76,0.6989623792100573,4,3,3,4,5,5,5,5,34
