,Accuracy,Precision,Recall,F1,10kf_Accuracy,10kf_Precision,10kf_Recall,10kf_F1,Accuracy_sort,Precision_sort,Recall_sort,F1_sort,10kf_Accuracy_sort,10kf_Precision_sort,10kf_Recall_sort,10kf_F1_sort,sort_score
<catboost.core.CatBoostClassifier object at 0x0000018879900D60>,0.76,0.7430303030303029,0.76,0.7239999999999999,0.8929487179487179,0.8999526862026863,0.8929487179487179,0.8915279274102803,0,1,1,1,0,0,0,0,3
"XGBClassifier(base_score=None, booster=None, callbacks=None,
              colsample_bylevel=None, colsample_bynode=None,
              colsample_bytree=0.9990549613460432, early_stopping_rounds=None,
              enable_categorical=False, eval_metric=None, feature_types=None,
              gamma=None, gpu_id=None, grow_policy=None, importance_type=None,
              interaction_constraints=None, learning_rate=0.6062609591833248,
              max_bin=None, max_cat_threshold=None, max_cat_to_onehot=None,
              max_delta_step=None, max_depth=11, max_leaves=None,
              min_child_weight=None, missing=nan, monotone_constraints=None,
              n_estimators=493, n_jobs=None, num_parallel_tree=None,
              predictor=None, random_state=None, ...)",0.76,0.7440000000000001,0.76,0.7463157894736843,0.8435897435897436,0.8535976292226293,0.8435897435897436,0.8404632771912184,1,0,0,0,3,3,3,3,13
RandomForestClassifier(max_depth=50),0.72,0.6885714285714286,0.72,0.6925874125874125,0.8679487179487179,0.8642913105413106,0.8596153846153844,0.8755615408556585,3,3,3,3,1,2,2,1,18
"SVC(C=25943.423671063847, gamma=0.1838676628668635)",0.68,0.652,0.68,0.6617543859649122,0.8602564102564102,0.8715269684019684,0.8602564102564102,0.8539212662122878,5,5,5,4,2,1,1,2,25
LogisticRegression(C=6219.651807261148),0.76,0.7430303030303029,0.76,0.7239999999999999,0.760897435897436,0.7821730352980352,0.760897435897436,0.7510090333929342,2,2,2,2,5,5,5,5,28
"DecisionTreeClassifier(max_depth=10, min_samples_leaf=4, min_samples_split=4)",0.72,0.6721739130434782,0.72,0.6592953929539296,0.7852564102564102,0.7925460419210419,0.7769230769230769,0.7754305974526564,4,4,4,5,4,4,4,4,33
