,Accuracy,Precision,Recall,F1,10kf_Accuracy,10kf_Precision,10kf_Recall,10kf_F1,Accuracy_sort,Precision_sort,Recall_sort,F1_sort,10kf_Accuracy_sort,10kf_Precision_sort,10kf_Recall_sort,10kf_F1_sort,sort_score
"XGBClassifier(base_score=None, booster=None, callbacks=None,
              colsample_bylevel=None, colsample_bynode=None,
              colsample_bytree=1.0, early_stopping_rounds=None,
              enable_categorical=False, eval_metric=None, feature_types=None,
              gamma=None, gpu_id=None, grow_policy=None, importance_type=None,
              interaction_constraints=None, learning_rate=1.0, max_bin=None,
              max_cat_threshold=None, max_cat_to_onehot=None,
              max_delta_step=None, max_depth=10, max_leaves=None,
              min_child_weight=None, missing=nan, monotone_constraints=None,
              n_estimators=237, n_jobs=None, num_parallel_tree=None,
              predictor=None, random_state=None, ...)",0.8571428571428571,0.8508403361344538,0.8571428571428571,0.8513708513708513,0.8781818181818182,0.8918308080808082,0.8781818181818182,0.8707148684648685,1,1,1,1,0,0,0,1,5
"SVC(C=1000000.0, gamma=10.0)",0.9047619047619048,0.9153439153439153,0.9047619047619048,0.8956582633053222,0.8572727272727272,0.8786742424242424,0.8572727272727272,0.854977142138907,0,0,0,0,3,3,2,2,10
<catboost.core.CatBoostClassifier object at 0x0000018E9488E340>,0.8095238095238095,0.7936507936507937,0.8095238095238095,0.7913165266106442,0.8772727272727273,0.8899873737373737,0.8772727272727273,0.8722319788055082,3,4,4,4,1,1,1,0,18
DecisionTreeClassifier(max_depth=50),0.8571428571428571,0.8508403361344538,0.8571428571428571,0.8513708513708513,0.8572727272727272,0.8576136363636364,0.8390909090909091,0.841197718947719,2,2,2,2,4,4,4,3,23
"RandomForestClassifier(max_depth=10, n_estimators=10)",0.8095238095238095,0.8095238095238095,0.8095238095238095,0.8095238095238095,0.8690909090909091,0.8793055555555555,0.85,0.8245538236273531,4,3,3,3,2,2,3,4,24
LogisticRegression(C=1.578380722894541),0.7619047619047619,0.5804988662131519,0.7619047619047619,0.6589446589446589,0.7163636363636364,0.6063287419651056,0.7163636363636364,0.6316458313788036,5,5,5,5,5,5,5,5,40
