,Accuracy,Precision,Recall,F1,10kf_Accuracy,10kf_Precision,10kf_Recall,10kf_F1,Accuracy_sort,Precision_sort,Recall_sort,F1_sort,10kf_Accuracy_sort,10kf_Precision_sort,10kf_Recall_sort,10kf_F1_sort,sort_score
<catboost.core.CatBoostClassifier object at 0x000002D52E619EB0>,0.8888888888888888,0.9047619047619047,0.8888888888888888,0.882051282051282,0.9083333333333332,0.915079365079365,0.9083333333333332,0.9037606837606837,0,0,0,0,0,0,0,0,0
"SVC(C=1000000.0, gamma=10.0)",0.8333333333333334,0.8441558441558441,0.8333333333333334,0.8361204013377926,0.8722222222222221,0.8859126984126983,0.8722222222222221,0.8670849520849522,2,2,2,1,1,1,1,1,11
"RandomForestClassifier(max_depth=50, min_samples_split=4, n_estimators=10)",0.8333333333333334,0.8666666666666667,0.8333333333333334,0.8148148148148149,0.8416666666666666,0.8747619047619046,0.8527777777777776,0.8431579531579529,1,1,1,2,3,2,3,3,16
"XGBClassifier(base_score=None, booster=None, callbacks=None,
              colsample_bylevel=None, colsample_bynode=None,
              colsample_bytree=0.40342247746407023, early_stopping_rounds=None,
              enable_categorical=False, eval_metric=None, feature_types=None,
              gamma=None, gpu_id=None, grow_policy=None, importance_type=None,
              interaction_constraints=None, learning_rate=0.3728019515473652,
              max_bin=None, max_cat_threshold=None, max_cat_to_onehot=None,
              max_delta_step=None, max_depth=25, max_leaves=None,
              min_child_weight=None, missing=nan, monotone_constraints=None,
              n_estimators=472, n_jobs=None, num_parallel_tree=None,
              predictor=None, random_state=None, ...)",0.7777777777777778,0.7738095238095238,0.7777777777777778,0.764102564102564,0.8722222222222221,0.8697420634920634,0.8722222222222221,0.8542279942279942,3,3,3,3,2,4,2,2,22
DecisionTreeClassifier(max_depth=50),0.7777777777777778,0.7738095238095238,0.7777777777777778,0.764102564102564,0.8305555555555555,0.8701984126984126,0.8416666666666666,0.8359085359085359,4,4,4,4,4,3,4,4,31
LogisticRegression(C=6219.651807261148),0.7222222222222222,0.7128205128205128,0.7222222222222222,0.7151515151515153,0.7805555555555556,0.7868849206349205,0.7805555555555556,0.7647489547489547,5,5,5,5,5,5,5,5,40
