,Accuracy,Precision,Recall,F1,10kf_Accuracy,10kf_Precision,10kf_Recall,10kf_F1,Accuracy_sort,Precision_sort,Recall_sort,F1_sort,10kf_Accuracy_sort,10kf_Precision_sort,10kf_Recall_sort,10kf_F1_sort,sort_score
<catboost.core.CatBoostClassifier object at 0x0000018879874430>,0.92,0.9272727272727272,0.92,0.9119047619047619,0.9012820512820513,0.916212606837607,0.9012820512820513,0.895836400799636,0,0,0,0,0,1,0,1,2
"XGBClassifier(base_score=None, booster=None, callbacks=None,
              colsample_bylevel=None, colsample_bynode=None,
              colsample_bytree=0.7847747732331632, early_stopping_rounds=None,
              enable_categorical=False, eval_metric=None, feature_types=None,
              gamma=None, gpu_id=None, grow_policy=None, importance_type=None,
              interaction_constraints=None, learning_rate=0.05181883362199375,
              max_bin=None, max_cat_threshold=None, max_cat_to_onehot=None,
              max_delta_step=None, max_depth=3, max_leaves=None,
              min_child_weight=None, missing=nan, monotone_constraints=None,
              n_estimators=246, n_jobs=None, num_parallel_tree=None,
              predictor=None, random_state=None, ...)",0.84,0.84,0.84,0.84,0.8602564102564102,0.8755553011803011,0.8602564102564102,0.8563602193013956,1,1,1,1,3,3,3,2,15
"SVC(C=11.993946408654391, gamma=9.716036106661171)",0.8,0.7608695652173912,0.8,0.7641196013289039,0.9006410256410255,0.9169818376068377,0.9006410256410255,0.8971371262180086,3,3,3,3,1,0,2,0,15
RandomForestClassifier(max_depth=50),0.84,0.8242424242424242,0.84,0.8238095238095238,0.8762820512820513,0.9038415750915751,0.9012820512820513,0.8514009658069256,2,2,2,2,2,2,1,3,16
"DecisionTreeClassifier(max_depth=50, min_samples_leaf=4, min_samples_split=4)",0.72,0.6976190476190476,0.72,0.7078590785907859,0.7775641025641026,0.7918630443630443,0.7608974358974359,0.8009061526708585,5,4,5,5,4,4,4,4,35
LogisticRegression(C=0.7435995406090266),0.8,0.64,0.8,0.7111111111111111,0.719871794871795,0.6938882413882415,0.719871794871795,0.6549759894961134,4,5,4,4,5,5,5,5,37
