,Accuracy,Precision,Recall,F1,10kf_Accuracy,10kf_Precision,10kf_Recall,10kf_F1,Accuracy_sort,Precision_sort,Recall_sort,F1_sort,10kf_Accuracy_sort,10kf_Precision_sort,10kf_Recall_sort,10kf_F1_sort,sort_score
"XGBClassifier(base_score=None, booster=None, callbacks=None,
              colsample_bylevel=None, colsample_bynode=None,
              colsample_bytree=0.9172347701808501, early_stopping_rounds=None,
              enable_categorical=False, eval_metric=None, feature_types=None,
              gamma=None, gpu_id=None, grow_policy=None, importance_type=None,
              interaction_constraints=None, learning_rate=0.01, max_bin=None,
              max_cat_threshold=None, max_cat_to_onehot=None,
              max_delta_step=None, max_depth=40, max_leaves=None,
              min_child_weight=None, missing=nan, monotone_constraints=None,
              n_estimators=398, n_jobs=None, num_parallel_tree=None,
              predictor=None, random_state=None, ...)",0.8709677419354839,0.8853372434017596,0.8709677419354839,0.8743471582181259,0.875,0.8944805194805194,0.875,0.8664088504088504,1,1,1,1,1,0,1,0,6
<catboost.core.CatBoostClassifier object at 0x0000020B87D3AEE0>,0.8709677419354839,0.9106699751861042,0.8709677419354839,0.8762463343108504,0.8683333333333334,0.8834078884078883,0.8683333333333334,0.8606932271947751,0,0,0,0,2,2,2,1,7
RandomForestClassifier(max_depth=50),0.8709677419354839,0.8853372434017596,0.8709677419354839,0.8743471582181259,0.88125,0.8877164502164503,0.88125,0.8594467481835905,2,2,2,2,0,1,0,2,11
"SVC(C=1922.8897421461165, gamma=10.0)",0.8709677419354839,0.8709677419354839,0.8709677419354839,0.8709677419354839,0.8545833333333333,0.8688236763236763,0.8545833333333333,0.8477085176829423,3,3,3,3,3,3,3,3,24
"DecisionTreeClassifier(max_depth=50, min_samples_split=4)",0.7741935483870968,0.8338303063160748,0.7741935483870968,0.7842629553709497,0.8287500000000001,0.8287289562289561,0.8283333333333334,0.8094417103364473,4,4,4,4,4,4,4,4,32
LogisticRegression(C=6219.651807261148),0.7741935483870968,0.7677068723702665,0.7741935483870968,0.7700611427366646,0.6958333333333333,0.6828548303548303,0.6958333333333333,0.6785836555596282,5,5,5,5,5,5,5,5,40
