,Accuracy,Precision,Recall,F1,10kf_Accuracy,10kf_Precision,10kf_Recall,10kf_F1,Accuracy_sort,Precision_sort,Recall_sort,F1_sort,10kf_Accuracy_sort,10kf_Precision_sort,10kf_Recall_sort,10kf_F1_sort,sort_score
<catboost.core.CatBoostClassifier object at 0x0000025AB6A6EC70>,1.0,1.0,1.0,1.0,0.9800000000000001,0.9812380952380952,0.9800000000000001,0.9800294242098755,0,0,0,0,0,0,0,0,0
"XGBClassifier(base_score=None, booster=None, callbacks=None,
              colsample_bylevel=None, colsample_bynode=None,
              colsample_bytree=0.7510665510030913, early_stopping_rounds=None,
              enable_categorical=False, eval_metric=None, feature_types=None,
              gamma=None, gpu_id=None, grow_policy=None, importance_type=None,
              interaction_constraints=None, learning_rate=0.025623778690351914,
              max_bin=None, max_cat_threshold=None, max_cat_to_onehot=None,
              max_delta_step=None, max_depth=37, max_leaves=None,
              min_child_weight=None, missing=nan, monotone_constraints=None,
              n_estimators=362, n_jobs=None, num_parallel_tree=None,
              objective='multi:softprob', predictor=None, ...)",0.9857142857142858,0.9865546218487395,0.9857142857142858,0.9857003211841922,0.9771428571428571,0.978473608263082,0.9771428571428571,0.9768154059244285,1,1,1,1,1,1,2,1,9
DecisionTreeClassifier(max_depth=50),0.9714285714285714,0.9746031746031747,0.9714285714285714,0.9719432547212433,0.9685714285714285,0.9681933621933622,0.9571428571428571,0.9571574572412697,2,2,2,2,3,3,4,4,22
"RandomForestClassifier(max_depth=10, min_samples_split=4)",0.9571428571428572,0.9571428571428572,0.9571428571428572,0.9571428571428572,0.9714285714285713,0.9702279942279943,0.9771428571428572,0.9741879603516047,3,4,4,4,2,2,1,2,22
"SVC(C=65025.69166958897, gamma=0.22418836127137418)",0.9571428571428572,0.9588235294117649,0.9571428571428572,0.957561793045664,0.9628571428571429,0.9653942431837169,0.9628571428571429,0.9619507031055019,4,3,3,3,4,4,3,3,27
LogisticRegression(C=6219.651807261148),0.8571428571428571,0.8584873949579832,0.8571428571428571,0.8574780058651026,0.8771428571428572,0.886269866687934,0.8771428571428572,0.8758179220651577,5,5,5,5,5,5,5,5,40
