,Accuracy,Precision,Recall,F1,10kf_Accuracy,10kf_Precision,10kf_Recall,10kf_F1,Accuracy_sort,Precision_sort,Recall_sort,F1_sort,10kf_Accuracy_sort,10kf_Precision_sort,10kf_Recall_sort,10kf_F1_sort,sort_score
RandomForestClassifier(max_depth=50),0.9629629629629629,0.9649122807017543,0.9629629629629629,0.9623741388447271,0.8752747252747252,0.8798553232481803,0.8598901098901098,0.8599711605903556,0,0,0,0,1,1,2,2,6
<catboost.core.CatBoostClassifier object at 0x000001D100229C10>,0.8518518518518519,0.8787878787878788,0.8518518518518519,0.838095238095238,0.881868131868132,0.8970497557997558,0.881868131868132,0.8738764709662543,2,2,2,2,0,0,0,0,8
"DecisionTreeClassifier(max_depth=10, min_samples_split=4)",0.9629629629629629,0.9649122807017543,0.9629629629629629,0.9623741388447271,0.8087912087912088,0.8070584177727035,0.8082417582417583,0.8220256132756132,1,1,1,1,4,4,4,4,20
"XGBClassifier(base_score=None, booster=None, callbacks=None,
              colsample_bylevel=None, colsample_bynode=None,
              colsample_bytree=1.0, early_stopping_rounds=None,
              enable_categorical=False, eval_metric=None, feature_types=None,
              gamma=None, gpu_id=None, grow_policy=None, importance_type=None,
              interaction_constraints=None, learning_rate=0.15417623653026907,
              max_bin=None, max_cat_threshold=None, max_cat_to_onehot=None,
              max_delta_step=None, max_depth=20, max_leaves=None,
              min_child_weight=None, missing=nan, monotone_constraints=None,
              n_estimators=500, n_jobs=None, num_parallel_tree=None,
              predictor=None, random_state=None, ...)",0.8148148148148148,0.8114035087719297,0.8148148148148148,0.8118706942236356,0.868131868131868,0.8787417146345717,0.868131868131868,0.8651914958106909,3,4,4,3,2,2,1,1,20
"SVC(C=6.619196170635086, gamma=3.092409189651529)",0.7777777777777778,0.7818181818181819,0.7777777777777778,0.7571428571428571,0.8373626373626374,0.8574096736596737,0.8373626373626374,0.8287815254920519,5,5,5,5,3,3,3,3,32
LogisticRegression(C=6219.651807261148),0.8148148148148148,0.8550724637681161,0.8148148148148148,0.7904940587867417,0.712087912087912,0.722196275946276,0.712087912087912,0.6975102348631761,4,3,3,4,5,5,5,5,34
