,Accuracy,Precision,Recall,F1,10kf_Accuracy,10kf_Precision,10kf_Recall,10kf_F1,Accuracy_sort,Precision_sort,Recall_sort,F1_sort,10kf_Accuracy_sort,10kf_Precision_sort,10kf_Recall_sort,10kf_F1_sort,sort_score
RandomForestClassifier(max_depth=50),0.9555555555555556,0.9555555555555556,0.9555555555555556,0.9555555555555556,0.9733333333333334,0.9748374999862414,0.9733333333333334,0.9730536128790257,1,1,1,1,0,0,0,1,5
<catboost.core.CatBoostClassifier object at 0x000002D76E800520>,0.9555555555555556,0.9555555555555556,0.9555555555555556,0.9555555555555556,0.9688383838383838,0.9704038780526194,0.9688383838383838,0.9685737086316797,0,0,0,0,3,3,3,3,12
"XGBClassifier(base_score=None, booster=None, callbacks=None,
              colsample_bylevel=None, colsample_bynode=None,
              colsample_bytree=0.5978219003644172, early_stopping_rounds=None,
              enable_categorical=False, eval_metric=None, feature_types=None,
              gamma=None, gpu_id=None, grow_policy=None, importance_type=None,
              interaction_constraints=None, learning_rate=0.26217843373019684,
              max_bin=None, max_cat_threshold=None, max_cat_to_onehot=None,
              max_delta_step=None, max_depth=28, max_leaves=None,
              min_child_weight=None, missing=nan, monotone_constraints=None,
              n_estimators=251, n_jobs=None, num_parallel_tree=None,
              objective='multi:softprob', predictor=None, ...)",0.9444444444444444,0.9439710387078808,0.9444444444444444,0.9440206718346252,0.9732828282828283,0.974291093896357,0.9732828282828283,0.9730776876552156,3,3,3,3,1,1,1,0,15
"SVC(C=106.21518452746483, gamma=1.179451955768459)",0.9555555555555556,0.9555555555555556,0.9555555555555556,0.9555555555555556,0.968888888888889,0.9709078779513561,0.968888888888889,0.9686535436315993,2,2,2,2,2,2,2,2,16
LogisticRegression(C=2174.313541045017),0.9111111111111111,0.9112879457707044,0.9111111111111111,0.9105847953216375,0.8998484848484848,0.9057691507610294,0.8998484848484848,0.899514736575045,4,4,4,4,5,5,5,5,36
"DecisionTreeClassifier(max_depth=50, min_samples_leaf=4, min_samples_split=4)",0.9,0.9004890171556837,0.9,0.8997567563980037,0.9487878787878788,0.9494777050646614,0.9465656565656566,0.9504419915590004,5,5,5,5,4,4,4,4,36
