,Accuracy,Precision,Recall,F1,10kf_Accuracy,10kf_Precision,10kf_Recall,10kf_F1,Accuracy_sort,Precision_sort,Recall_sort,F1_sort,10kf_Accuracy_sort,10kf_Precision_sort,10kf_Recall_sort,10kf_F1_sort,sort_score
"SVC(C=510.93462394348495, gamma=9.203244730669361)",0.9354838709677419,0.9354838709677419,0.9354838709677419,0.9354838709677419,0.9075000000000001,0.9158964646464647,0.9075000000000001,0.9037663603453078,0,0,0,0,0,0,0,0,0
"XGBClassifier(base_score=None, booster=None, callbacks=None,
              colsample_bylevel=None, colsample_bynode=None,
              colsample_bytree=1.0, early_stopping_rounds=None,
              enable_categorical=False, eval_metric=None, feature_types=None,
              gamma=None, gpu_id=None, grow_policy=None, importance_type=None,
              interaction_constraints=None, learning_rate=0.07164644887500846,
              max_bin=None, max_cat_threshold=None, max_cat_to_onehot=None,
              max_delta_step=None, max_depth=3, max_leaves=None,
              min_child_weight=None, missing=nan, monotone_constraints=None,
              n_estimators=500, n_jobs=None, num_parallel_tree=None,
              predictor=None, random_state=None, ...)",0.9032258064516129,0.9274193548387096,0.9032258064516129,0.9065977295717658,0.8945833333333335,0.9076016761016762,0.8945833333333335,0.8910591641598508,1,1,1,1,1,1,1,1,8
RandomForestClassifier(max_depth=10),0.8709677419354839,0.8709677419354839,0.8709677419354839,0.8709677419354839,0.8745833333333334,0.8836645021645021,0.8879166666666667,0.8771033149408437,2,2,2,2,2,2,2,2,16
DecisionTreeClassifier(max_depth=50),0.8709677419354839,0.8709677419354839,0.8709677419354839,0.8709677419354839,0.8341666666666667,0.8277158489658492,0.82125,0.808642275165495,3,3,3,3,4,4,4,4,28
<catboost.core.CatBoostClassifier object at 0x0000020B87EDE220>,0.8387096774193549,0.8348527349228612,0.8387096774193549,0.8357579590976175,0.8679166666666667,0.8731565656565656,0.8679166666666667,0.8634848484848485,4,4,4,4,3,3,3,3,28
LogisticRegression(C=20.75501921584577),0.7741935483870968,0.7677068723702665,0.7741935483870968,0.7700611427366646,0.6966666666666665,0.6777849002849002,0.6966666666666665,0.6800967680510015,5,5,5,5,5,5,5,5,40
