,Accuracy,Precision,Recall,F1,10kf_Accuracy,10kf_Precision,10kf_Recall,10kf_F1,Accuracy_sort,Precision_sort,Recall_sort,F1_sort,10kf_Accuracy_sort,10kf_Precision_sort,10kf_Recall_sort,10kf_F1_sort,sort_score
<catboost.core.CatBoostClassifier object at 0x0000020B87E69B50>,0.8387096774193549,0.8335253456221199,0.8387096774193549,0.835049187828872,0.8758333333333332,0.8939764055389056,0.8758333333333332,0.8657845536106408,1,1,1,1,1,0,1,1,7
"SVC(C=1000000.0, gamma=0.5773445063502138, kernel='poly')",0.9032258064516129,0.9013056835637481,0.9032258064516129,0.9010295126973232,0.8675,0.8884191965441965,0.8675,0.8556067760530002,0,0,0,0,2,2,2,2,8
RandomForestClassifier(max_depth=10),0.8387096774193549,0.8335253456221199,0.8387096774193549,0.835049187828872,0.8887499999999999,0.8900257381507382,0.8954166666666667,0.892333815434502,3,3,3,3,0,1,0,0,13
"XGBClassifier(base_score=None, booster=None, callbacks=None,
              colsample_bylevel=None, colsample_bynode=None,
              colsample_bytree=1.0, early_stopping_rounds=None,
              enable_categorical=False, eval_metric=None, feature_types=None,
              gamma=None, gpu_id=None, grow_policy=None, importance_type=None,
              interaction_constraints=None, learning_rate=0.21068287001284436,
              max_bin=None, max_cat_threshold=None, max_cat_to_onehot=None,
              max_delta_step=None, max_depth=50, max_leaves=None,
              min_child_weight=None, missing=nan, monotone_constraints=None,
              n_estimators=340, n_jobs=None, num_parallel_tree=None,
              predictor=None, random_state=None, ...)",0.8387096774193549,0.8335253456221199,0.8387096774193549,0.835049187828872,0.8625,0.8745413961038961,0.8625,0.8538255443175352,2,2,2,2,3,3,3,3,20
LogisticRegression(C=6219.651807261148),0.8064516129032258,0.8064516129032258,0.8064516129032258,0.8064516129032258,0.7104166666666666,0.7334342278092278,0.7104166666666666,0.6867358369023129,4,4,4,4,5,5,5,5,36
DecisionTreeClassifier(max_depth=10),0.7096774193548387,0.7786049076371657,0.7096774193548387,0.726537034955603,0.85,0.8570214045214044,0.8574999999999999,0.8502442921092808,5,5,5,5,4,4,4,4,36
