,Accuracy,Precision,Recall,F1,10kf_Accuracy,10kf_Precision,10kf_Recall,10kf_F1,Accuracy_sort,Precision_sort,Recall_sort,F1_sort,10kf_Accuracy_sort,10kf_Precision_sort,10kf_Recall_sort,10kf_F1_sort,sort_score
"SVC(C=1000000.0, gamma=0.23336847939132951)",0.9354838709677419,0.9354838709677419,0.9354838709677419,0.9354838709677419,0.8675,0.8687794612794614,0.8675,0.8638568010936432,0,0,0,0,2,2,2,1,7
<catboost.core.CatBoostClassifier object at 0x0000020B87EED190>,0.8387096774193549,0.8442815249266863,0.8387096774193549,0.840582968041662,0.9012500000000001,0.9118751803751802,0.9012500000000001,0.8983308017518545,2,2,2,2,0,0,0,0,8
RandomForestClassifier(max_depth=50),0.8709677419354839,0.8709677419354839,0.8709677419354839,0.8709677419354839,0.8812500000000002,0.8941479076479076,0.88125,0.8547263118269983,1,1,1,1,1,1,1,2,9
DecisionTreeClassifier(max_depth=10),0.8387096774193549,0.8442815249266863,0.8387096774193549,0.840582968041662,0.8412499999999999,0.8488390313390314,0.8612500000000001,0.8458592385663325,3,3,3,3,3,3,3,3,24
"XGBClassifier(base_score=None, booster=None, callbacks=None,
              colsample_bylevel=None, colsample_bynode=None,
              colsample_bytree=0.1, early_stopping_rounds=None,
              enable_categorical=False, eval_metric=None, feature_types=None,
              gamma=None, gpu_id=None, grow_policy=None, importance_type=None,
              interaction_constraints=None, learning_rate=0.21766813776468527,
              max_bin=None, max_cat_threshold=None, max_cat_to_onehot=None,
              max_delta_step=None, max_depth=32, max_leaves=None,
              min_child_weight=None, missing=nan, monotone_constraints=None,
              n_estimators=500, n_jobs=None, num_parallel_tree=None,
              predictor=None, random_state=None, ...)",0.7741935483870968,0.76930596285435,0.7741935483870968,0.7708769297587554,0.8220833333333333,0.8363746438746439,0.8220833333333333,0.8141474404060217,4,4,4,4,4,4,4,4,32
LogisticRegression(C=2.2392112983967247),0.7096774193548387,0.6885856079404467,0.7096774193548387,0.6767330130404942,0.6962499999999999,0.6795634920634921,0.6962499999999999,0.6648963548528767,5,5,5,5,5,5,5,5,40
