,Accuracy,Precision,Recall,F1,10kf_Accuracy,10kf_Precision,10kf_Recall,10kf_F1,Accuracy_sort,Precision_sort,Recall_sort,F1_sort,10kf_Accuracy_sort,10kf_Precision_sort,10kf_Recall_sort,10kf_F1_sort,sort_score
<catboost.core.CatBoostClassifier object at 0x000002D52E84CB50>,0.8333333333333334,0.8222222222222222,0.8333333333333334,0.8243021346469623,0.9111111111111111,0.9240079365079363,0.9111111111111111,0.9045824545824546,0,1,1,1,0,0,0,0,3
"SVC(C=1000000.0, gamma=10.0)",0.8333333333333334,0.8512820512820514,0.8333333333333334,0.8395061728395061,0.8625,0.8871428571428572,0.8625,0.8574860324860325,1,0,0,0,3,1,3,2,10
"XGBClassifier(base_score=None, booster=None, callbacks=None,
              colsample_bylevel=None, colsample_bynode=None,
              colsample_bytree=0.8653944302408754, early_stopping_rounds=None,
              enable_categorical=False, eval_metric=None, feature_types=None,
              gamma=None, gpu_id=None, grow_policy=None, importance_type=None,
              interaction_constraints=None, learning_rate=0.09324568668160726,
              max_bin=None, max_cat_threshold=None, max_cat_to_onehot=None,
              max_delta_step=None, max_depth=50, max_leaves=None,
              min_child_weight=None, missing=nan, monotone_constraints=None,
              n_estimators=50, n_jobs=None, num_parallel_tree=None,
              predictor=None, random_state=None, ...)",0.7777777777777778,0.7777777777777778,0.7777777777777778,0.7777777777777778,0.8666666666666666,0.8828703703703704,0.8666666666666666,0.857932437932438,2,2,2,2,1,2,1,1,13
"RandomForestClassifier(max_depth=10, n_estimators=1000)",0.7777777777777778,0.7777777777777778,0.7777777777777778,0.7777777777777778,0.8666666666666666,0.8767857142857143,0.8666666666666666,0.8551973951973952,3,3,3,3,2,3,2,3,22
DecisionTreeClassifier(max_depth=10),0.7222222222222222,0.747008547008547,0.7222222222222222,0.7325102880658436,0.8555555555555554,0.8568783068783068,0.8444444444444443,0.8400351500351502,4,4,4,4,4,4,4,4,32
LogisticRegression(C=3.290147206437541),0.7222222222222222,0.5947712418300654,0.7222222222222222,0.6523297491039427,0.7083333333333334,0.6054122574955908,0.7083333333333334,0.641043956043956,5,5,5,5,5,5,5,5,40
