,Accuracy,Precision,Recall,F1,10kf_Accuracy,10kf_Precision,10kf_Recall,10kf_F1,Accuracy_sort,Precision_sort,Recall_sort,F1_sort,10kf_Accuracy_sort,10kf_Precision_sort,10kf_Recall_sort,10kf_F1_sort,sort_score
<catboost.core.CatBoostClassifier object at 0x00000242F63C18E0>,0.9876543209876543,0.988191089640365,0.9876543209876543,0.987578638664207,0.975,0.9767480436230436,0.975,0.9744741607985887,0,0,0,0,1,0,0,0,1
"SVC(C=1000000.0, gamma=0.017725510259333364)",0.9753086419753086,0.9763821792807299,0.9753086419753086,0.9749951009210268,0.9650609756097561,0.9672923204843936,0.9650609756097561,0.9645557305181223,1,1,1,1,3,3,3,3,16
"XGBClassifier(base_score=None, booster=None, callbacks=None,
              colsample_bylevel=None, colsample_bynode=None,
              colsample_bytree=0.3136703371828678, early_stopping_rounds=None,
              enable_categorical=False, eval_metric=None, feature_types=None,
              gamma=None, gpu_id=None, grow_policy=None, importance_type=None,
              interaction_constraints=None, learning_rate=0.06865547865767688,
              max_bin=None, max_cat_threshold=None, max_cat_to_onehot=None,
              max_delta_step=None, max_depth=3, max_leaves=None,
              min_child_weight=None, missing=nan, monotone_constraints=None,
              n_estimators=500, n_jobs=None, num_parallel_tree=None,
              objective='multi:softprob', predictor=None, ...)",0.9629629629629629,0.9639182833627278,0.9629629629629629,0.9631296713067155,0.97,0.9717983682983682,0.97,0.9688826446660013,2,2,2,2,2,2,2,2,16
RandomForestClassifier(max_depth=50),0.9629629629629629,0.9626494219086812,0.9629629629629629,0.9626016574888625,0.9774999999999998,0.9743835331335331,0.970060975609756,0.9738222988668109,3,4,4,4,0,1,1,1,18
DecisionTreeClassifier(max_depth=50),0.9629629629629629,0.9639182833627278,0.9629629629629629,0.9631296713067155,0.960060975609756,0.9530247838205155,0.9576219512195122,0.9563365797649175,4,3,3,3,4,4,4,4,29
LogisticRegression(C=4.341355378873763),0.8395061728395061,0.8554224158799322,0.8395061728395061,0.8454090304935716,0.8603048780487805,0.865051719452634,0.8603048780487805,0.86035011732732,5,5,5,5,5,5,5,5,40
