,Accuracy,Precision,Recall,F1,10kf_Accuracy,10kf_Precision,10kf_Recall,10kf_F1,Accuracy_sort,Precision_sort,Recall_sort,F1_sort,10kf_Accuracy_sort,10kf_Precision_sort,10kf_Recall_sort,10kf_F1_sort,sort_score
<catboost.core.CatBoostClassifier object at 0x000001CDC63125E0>,0.9518072289156626,0.9523239155452219,0.9518072289156626,0.9510658016682113,0.9782229965156795,0.9793569670747371,0.9782229965156795,0.9781500030409637,0,0,0,0,0,0,0,0,0
"XGBClassifier(base_score=None, booster=None, callbacks=None,
              colsample_bylevel=None, colsample_bynode=None,
              colsample_bytree=0.5371149451755143, early_stopping_rounds=None,
              enable_categorical=False, eval_metric=None, feature_types=None,
              gamma=None, gpu_id=None, grow_policy=None, importance_type=None,
              interaction_constraints=None, learning_rate=0.2501756436175572,
              max_bin=None, max_cat_threshold=None, max_cat_to_onehot=None,
              max_delta_step=None, max_depth=3, max_leaves=None,
              min_child_weight=None, missing=nan, monotone_constraints=None,
              n_estimators=50, n_jobs=None, num_parallel_tree=None,
              objective='multi:softprob', predictor=None, ...)",0.9518072289156626,0.9516365055363154,0.9518072289156626,0.9509614930309475,0.9734030197444831,0.9751107390480211,0.9734030197444831,0.973202115035051,1,1,1,1,2,1,1,1,9
"RandomForestClassifier(max_depth=10, min_samples_split=4)",0.9518072289156626,0.9516365055363154,0.9518072289156626,0.9509614930309475,0.9734030197444833,0.9749798981506299,0.9733449477351919,0.9682567851210067,2,2,2,2,1,2,2,2,15
DecisionTreeClassifier(max_depth=50),0.9397590361445783,0.9402757227741375,0.9397590361445783,0.9390176088971269,0.9443670150987223,0.9542181492529925,0.9565040650406503,0.9413820446634787,3,3,3,3,4,4,4,4,28
"SVC(C=33488.67191938439, gamma=0.12355404593666894, kernel='poly')",0.927710843373494,0.9284831634229225,0.927710843373494,0.9263823572451272,0.9637049941927991,0.9662167042336713,0.9637049941927991,0.96301990903372,4,4,4,4,3,3,3,3,28
LogisticRegression(C=281.04617600418555),0.8795180722891566,0.8811337303235932,0.8795180722891566,0.8776123108521194,0.8671312427409988,0.877090848927313,0.8671312427409988,0.8655228311368287,5,5,5,5,5,5,5,5,40
