,Accuracy,Precision,Recall,F1,10kf_Accuracy,10kf_Precision,10kf_Recall,10kf_F1,Accuracy_sort,Precision_sort,Recall_sort,F1_sort,10kf_Accuracy_sort,10kf_Precision_sort,10kf_Recall_sort,10kf_F1_sort,sort_score
<catboost.core.CatBoostClassifier object at 0x000001DE21661FD0>,0.975,0.9763513513513512,0.975,0.9747519841269842,0.9747435897435898,0.9760913691571587,0.9747435897435898,0.9745876800871078,0,0,0,0,1,1,1,0,3
"SVC(C=17608.045781174907, gamma=0.11349278798841834)",0.9625,0.9632561132561133,0.9625,0.9622722868217053,0.9748076923076923,0.9763174763832658,0.9748076923076923,0.9744510068431473,2,2,2,2,0,0,0,1,9
"RandomForestClassifier(max_depth=10, min_samples_split=20)",0.9625,0.9632561132561133,0.9625,0.9622722868217053,0.9698076923076921,0.9652767162175057,0.9696794871794872,0.9720677172367456,1,1,1,1,2,3,2,2,13
"XGBClassifier(base_score=None, booster=None, callbacks=None,
              colsample_bylevel=None, colsample_bynode=None,
              colsample_bytree=0.7279033084967943, early_stopping_rounds=None,
              enable_categorical=False, eval_metric=None, feature_types=None,
              gamma=None, gpu_id=None, grow_policy=None, importance_type=None,
              interaction_constraints=None, learning_rate=1.0, max_bin=None,
              max_cat_threshold=None, max_cat_to_onehot=None,
              max_delta_step=None, max_depth=5, max_leaves=None,
              min_child_weight=None, missing=nan, monotone_constraints=None,
              n_estimators=50, n_jobs=None, num_parallel_tree=None,
              objective='multi:softprob', predictor=None, ...)",0.9375,0.9406545209176788,0.9375,0.9364258770966088,0.9647435897435898,0.9656604506604507,0.9647435897435898,0.9641310645192004,4,4,4,4,3,2,3,3,27
"DecisionTreeClassifier(max_depth=10, min_samples_split=20)",0.95,0.9517105263157895,0.95,0.9494411828658403,0.9469871794871795,0.9478531536689433,0.9520512820512821,0.9489672027435183,3,3,3,3,4,4,4,4,28
LogisticRegression(C=233.5889721737142),0.875,0.8745726495726496,0.875,0.8713513513513513,0.8763461538461538,0.881997213298684,0.8763461538461538,0.8761029817471464,5,5,5,5,5,5,5,5,40
