,Accuracy,Precision,Recall,F1,10kf_Accuracy,10kf_Precision,10kf_Recall,10kf_F1,Accuracy_sort,Precision_sort,Recall_sort,F1_sort,10kf_Accuracy_sort,10kf_Precision_sort,10kf_Recall_sort,10kf_F1_sort,sort_score
RandomForestClassifier(max_depth=10),0.8888888888888888,0.9629629629629629,0.8888888888888888,0.9131944444444444,0.851388888888889,0.881084656084656,0.8763888888888889,0.8341076516076515,0,0,0,0,1,1,1,1,4
<catboost.core.CatBoostClassifier object at 0x000002D52E7E0430>,0.8333333333333334,0.8854166666666666,0.8333333333333334,0.8585858585858586,0.9097222222222221,0.9246031746031745,0.9097222222222221,0.8991371591371591,1,2,1,1,0,0,0,0,5
"XGBClassifier(base_score=None, booster=None, callbacks=None,
              colsample_bylevel=None, colsample_bynode=None,
              colsample_bytree=1.0, early_stopping_rounds=None,
              enable_categorical=False, eval_metric=None, feature_types=None,
              gamma=None, gpu_id=None, grow_policy=None, importance_type=None,
              interaction_constraints=None, learning_rate=0.0152857831080178,
              max_bin=None, max_cat_threshold=None, max_cat_to_onehot=None,
              max_delta_step=None, max_depth=48, max_leaves=None,
              min_child_weight=None, missing=nan, monotone_constraints=None,
              n_estimators=434, n_jobs=None, num_parallel_tree=None,
              predictor=None, random_state=None, ...)",0.8333333333333334,0.8854166666666666,0.8333333333333334,0.8585858585858586,0.8069444444444442,0.8117372134038799,0.8069444444444442,0.7933831908831908,2,3,2,2,3,3,3,3,21
DecisionTreeClassifier(max_depth=50),0.7777777777777778,0.9555555555555555,0.7777777777777778,0.837037037037037,0.8388888888888889,0.8619973544973544,0.8388888888888889,0.8215497465497463,4,1,4,4,2,2,2,2,21
LogisticRegression(C=6219.651807261148),0.8333333333333334,0.8854166666666666,0.8333333333333334,0.8585858585858586,0.7625,0.7718253968253966,0.7625,0.7496214896214896,3,4,3,3,5,5,5,5,33
"SVC(C=6249.830269499176, gamma=0.1652766105812465, kernel='sigmoid')",0.7222222222222222,0.876984126984127,0.7222222222222222,0.7921146953405018,0.7930555555555555,0.8033068783068783,0.7930555555555555,0.7854334554334554,5,5,5,5,4,4,4,4,36
