,Accuracy,Precision,Recall,F1,10kf_Accuracy,10kf_Precision,10kf_Recall,10kf_F1,Accuracy_sort,Precision_sort,Recall_sort,F1_sort,10kf_Accuracy_sort,10kf_Precision_sort,10kf_Recall_sort,10kf_F1_sort,sort_score
RandomForestClassifier(max_depth=10),0.9777777777777777,0.9787654320987654,0.9777777777777777,0.9774747474747474,0.9755555555555556,0.9768878158878159,0.9777777777777779,0.9755706281434288,0,0,0,0,0,1,0,0,1
<catboost.core.CatBoostClassifier object at 0x000002D76E69A3A0>,0.9555555555555556,0.955302538051076,0.9555555555555556,0.9547408371286057,0.9755050505050505,0.9768269508269507,0.9755050505050505,0.9754550785469697,1,1,1,1,1,2,2,1,10
"SVC(C=156204.13852488488, gamma=0.051758398265804174)",0.9333333333333333,0.9348195429472027,0.9333333333333333,0.9318574381319479,0.9755050505050505,0.9782626182922625,0.9755050505050505,0.9754211137127692,3,3,3,3,2,0,1,2,17
DecisionTreeClassifier(max_depth=50),0.9444444444444444,0.9447563352826511,0.9444444444444444,0.9438383838383838,0.9510606060606059,0.9604709325761955,0.9599494949494949,0.953520256187757,2,2,2,2,4,4,4,4,24
"XGBClassifier(base_score=None, booster=None, callbacks=None,
              colsample_bylevel=None, colsample_bynode=None,
              colsample_bytree=0.4810439593227782, early_stopping_rounds=None,
              enable_categorical=False, eval_metric=None, feature_types=None,
              gamma=None, gpu_id=None, grow_policy=None, importance_type=None,
              interaction_constraints=None, learning_rate=0.3575430316473974,
              max_bin=None, max_cat_threshold=None, max_cat_to_onehot=None,
              max_delta_step=None, max_depth=50, max_leaves=None,
              min_child_weight=None, missing=nan, monotone_constraints=None,
              n_estimators=227, n_jobs=None, num_parallel_tree=None,
              objective='multi:softprob', predictor=None, ...)",0.9222222222222223,0.9218565799842395,0.9222222222222223,0.9198916261661358,0.9688383838383837,0.970478629261238,0.9688383838383837,0.9688775626075591,4,4,4,4,3,3,3,3,28
LogisticRegression(C=50.083885436920454),0.9111111111111111,0.9110870610870611,0.9111111111111111,0.9095457969021188,0.902070707070707,0.9059328067262851,0.902070707070707,0.9020847507954555,5,5,5,5,5,5,5,5,40
