,Accuracy,Precision,Recall,F1,10kf_Accuracy,10kf_Precision,10kf_Recall,10kf_F1,Accuracy_sort,Precision_sort,Recall_sort,F1_sort,10kf_Accuracy_sort,10kf_Precision_sort,10kf_Recall_sort,10kf_F1_sort,sort_score
"XGBClassifier(base_score=None, booster=None, callbacks=None,
              colsample_bylevel=None, colsample_bynode=None,
              colsample_bytree=0.7571064979348857, early_stopping_rounds=None,
              enable_categorical=False, eval_metric=None, feature_types=None,
              gamma=None, gpu_id=None, grow_policy=None, importance_type=None,
              interaction_constraints=None, learning_rate=1.0, max_bin=None,
              max_cat_threshold=None, max_cat_to_onehot=None,
              max_delta_step=None, max_depth=3, max_leaves=None,
              min_child_weight=None, missing=nan, monotone_constraints=None,
              n_estimators=454, n_jobs=None, num_parallel_tree=None,
              predictor=None, random_state=None, ...)",0.8636363636363636,0.8598930481283422,0.8636363636363636,0.8595041322314049,0.8718181818181818,0.874709595959596,0.8718181818181818,0.866455818691113,0,0,0,0,2,3,2,2,9
<catboost.core.CatBoostClassifier object at 0x000001C92CAF3CD0>,0.8181818181818182,0.8106060606060607,0.8181818181818182,0.8053475935828878,0.8809090909090909,0.8899873737373737,0.8809090909090909,0.8769632034632036,1,2,2,1,1,1,1,1,10
"SVC(C=113.69290123307808, gamma=1.221854192369257)",0.8181818181818182,0.8545454545454546,0.8181818181818182,0.7828282828282828,0.9081818181818182,0.9279671717171716,0.9081818181818182,0.8972592309651134,4,1,1,4,0,0,0,0,10
"RandomForestClassifier(max_depth=10, n_estimators=1000)",0.8181818181818182,0.8106060606060607,0.8181818181818182,0.8053475935828878,0.8627272727272727,0.8784974747474747,0.8627272727272727,0.8571904761904762,2,3,3,2,3,2,3,4,22
DecisionTreeClassifier(max_depth=50),0.8181818181818182,0.8106060606060607,0.8181818181818182,0.8053475935828878,0.8345454545454546,0.8373737373737373,0.8436363636363637,0.8644923409923411,3,4,4,3,4,4,4,3,29
LogisticRegression(C=121.59439401743553),0.7727272727272727,0.7559808612440192,0.7727272727272727,0.7445887445887447,0.770909090909091,0.7843073593073593,0.770909090909091,0.7601323578382402,5,5,5,5,5,5,5,5,40
