,Accuracy,Precision,Recall,F1,10kf_Accuracy,10kf_Precision,10kf_Recall,10kf_F1,Accuracy_sort,Precision_sort,Recall_sort,F1_sort,10kf_Accuracy_sort,10kf_Precision_sort,10kf_Recall_sort,10kf_F1_sort,sort_score
"XGBClassifier(base_score=None, booster=None, callbacks=None,
              colsample_bylevel=None, colsample_bynode=None,
              colsample_bytree=0.8314983234024927, early_stopping_rounds=None,
              enable_categorical=False, eval_metric=None, feature_types=None,
              gamma=None, gpu_id=None, grow_policy=None, importance_type=None,
              interaction_constraints=None, learning_rate=0.01, max_bin=None,
              max_cat_threshold=None, max_cat_to_onehot=None,
              max_delta_step=None, max_depth=8, max_leaves=None,
              min_child_weight=None, missing=nan, monotone_constraints=None,
              n_estimators=50, n_jobs=None, num_parallel_tree=None,
              predictor=None, random_state=None, ...)",0.9259259259259259,0.9259259259259259,0.9259259259259259,0.9259259259259259,0.8747252747252746,0.8823883061383061,0.8747252747252746,0.8721170702362653,0,0,0,0,2,2,1,1,6
<catboost.core.CatBoostClassifier object at 0x000001D17E912A30>,0.8888888888888888,0.8862433862433863,0.8888888888888888,0.88597039816552,0.9340659340659341,0.9410467310467311,0.9340659340659341,0.932151007746983,2,3,3,3,0,0,0,0,11
DecisionTreeClassifier(max_depth=10),0.9259259259259259,0.9259259259259259,0.9259259259259259,0.9259259259259259,0.8456043956043956,0.8371432932147218,0.8445054945054945,0.8514622718183091,1,1,1,1,4,4,4,3,19
RandomForestClassifier(max_depth=10),0.8888888888888888,0.8961988304093567,0.8888888888888888,0.8911680911680911,0.8758241758241757,0.8762715260929547,0.8609890109890109,0.848019325875363,3,2,2,2,1,3,3,4,20
"SVC(C=13085.213637652292, gamma=0.03728129382182891)",0.8518518518518519,0.8471380471380472,0.8518518518518519,0.8430335097001763,0.8741758241758241,0.8850435675435675,0.8741758241758241,0.8687946582141629,4,4,4,4,3,1,2,2,24
LogisticRegression(C=0.9646168914085372),0.7407407407407407,0.6925925925925925,0.7407407407407407,0.683127572016461,0.7126373626373627,0.7039325143720748,0.7126373626373627,0.644645622439019,5,5,5,5,5,5,5,5,40
