,Accuracy,Precision,Recall,F1,10kf_Accuracy,10kf_Precision,10kf_Recall,10kf_F1,Accuracy_sort,Precision_sort,Recall_sort,F1_sort,10kf_Accuracy_sort,10kf_Precision_sort,10kf_Recall_sort,10kf_F1_sort,sort_score
<catboost.core.CatBoostClassifier object at 0x000001C92DB6D790>,0.8636363636363636,0.884090909090909,0.8636363636363636,0.8399438399438399,0.89,0.9041035353535353,0.89,0.880990875137934,1,1,1,1,0,0,0,0,4
DecisionTreeClassifier(max_depth=50),0.9090909090909091,0.9186602870813396,0.9090909090909091,0.9002525252525252,0.8890909090909093,0.8589675980585071,0.8800000000000001,0.8756186053368717,0,0,0,0,1,3,1,1,6
"XGBClassifier(base_score=None, booster=None, callbacks=None,
              colsample_bylevel=None, colsample_bynode=None,
              colsample_bytree=0.5627774184328228, early_stopping_rounds=None,
              enable_categorical=False, eval_metric=None, feature_types=None,
              gamma=None, gpu_id=None, grow_policy=None, importance_type=None,
              interaction_constraints=None, learning_rate=0.13587970769033253,
              max_bin=None, max_cat_threshold=None, max_cat_to_onehot=None,
              max_delta_step=None, max_depth=12, max_leaves=None,
              min_child_weight=None, missing=nan, monotone_constraints=None,
              n_estimators=309, n_jobs=None, num_parallel_tree=None,
              predictor=None, random_state=None, ...)",0.8636363636363636,0.884090909090909,0.8636363636363636,0.8399438399438399,0.8527272727272728,0.8660137085137085,0.8527272727272728,0.8514957983193276,2,2,2,2,2,2,4,2,18
"SVC(C=1000000.0, gamma=0.003990390089561471)",0.8636363636363636,0.884090909090909,0.8636363636363636,0.8399438399438399,0.8527272727272728,0.8792676767676767,0.8527272727272728,0.8337409387997624,3,3,3,3,3,1,3,4,23
"RandomForestClassifier(max_depth=10, min_samples_split=4, n_estimators=10)",0.8181818181818182,0.8022328548644336,0.8181818181818182,0.8005050505050505,0.8345454545454546,0.8501911976911977,0.8627272727272727,0.8359845089550971,4,4,4,4,4,4,2,3,29
LogisticRegression(C=6219.651807261148),0.7272727272727273,0.6858054226475279,0.7272727272727273,0.7007575757575757,0.7518181818181818,0.7427572805981897,0.7518181818181818,0.7255704557740161,5,5,5,5,5,5,5,5,40
