,Accuracy,Precision,Recall,F1,10kf_Accuracy,10kf_Precision,10kf_Recall,10kf_F1,Accuracy_sort,Precision_sort,Recall_sort,F1_sort,10kf_Accuracy_sort,10kf_Precision_sort,10kf_Recall_sort,10kf_F1_sort,sort_score
<catboost.core.CatBoostClassifier object at 0x000001FB9F44EDC0>,0.8529411764705882,0.853408029878618,0.8529411764705882,0.8442906574394464,0.8985294117647058,0.9117440341521224,0.8985294117647058,0.8935539274592985,1,1,1,1,0,0,0,0,4
"XGBClassifier(base_score=None, booster=None, callbacks=None,
              colsample_bylevel=None, colsample_bynode=None,
              colsample_bytree=1.0, early_stopping_rounds=None,
              enable_categorical=False, eval_metric=None, feature_types=None,
              gamma=None, gpu_id=None, grow_policy=None, importance_type=None,
              interaction_constraints=None, learning_rate=1.0, max_bin=None,
              max_cat_threshold=None, max_cat_to_onehot=None,
              max_delta_step=None, max_depth=50, max_leaves=None,
              min_child_weight=None, missing=nan, monotone_constraints=None,
              n_estimators=500, n_jobs=None, num_parallel_tree=None,
              predictor=None, random_state=None, ...)",0.8823529411764706,0.8817873303167421,0.8823529411764706,0.8781699346405228,0.8757352941176471,0.8838838612368024,0.8757352941176471,0.8741968029670784,0,0,0,0,2,3,1,2,8
"RandomForestClassifier(max_depth=10, min_samples_split=4)",0.7941176470588235,0.7852474323062557,0.7941176470588235,0.7820069204152249,0.8871323529411764,0.8977619990303815,0.86875,0.8753951820770874,3,3,3,3,1,1,4,1,19
"DecisionTreeClassifier(max_depth=10, min_samples_split=4)",0.8235294117647058,0.8235294117647058,0.8235294117647058,0.8235294117647058,0.8573529411764707,0.8623243912949796,0.875,0.8725547055246544,2,2,2,2,4,4,3,3,22
"SVC(C=4784.466423768631, gamma=4.968273607485467, kernel='poly')",0.7647058823529411,0.7647058823529411,0.7647058823529411,0.7647058823529411,0.875,0.8871600948071536,0.875,0.8669555539657843,4,4,4,4,3,2,2,4,27
LogisticRegression(C=0.8531051385107896),0.7352941176470589,0.7119675456389452,0.7352941176470589,0.7036625971143174,0.7143382352941177,0.7478034098254687,0.7143382352941177,0.6681813007254184,5,5,5,5,5,5,5,5,40
