,Accuracy,Precision,Recall,F1,10kf_Accuracy,10kf_Precision,10kf_Recall,10kf_F1,Accuracy_sort,Precision_sort,Recall_sort,F1_sort,10kf_Accuracy_sort,10kf_Precision_sort,10kf_Recall_sort,10kf_F1_sort,sort_score
"XGBClassifier(base_score=None, booster=None, callbacks=None,
              colsample_bylevel=None, colsample_bynode=None,
              colsample_bytree=0.5284309554621192, early_stopping_rounds=None,
              enable_categorical=False, eval_metric=None, feature_types=None,
              gamma=None, gpu_id=None, grow_policy=None, importance_type=None,
              interaction_constraints=None, learning_rate=0.10700788773440606,
              max_bin=None, max_cat_threshold=None, max_cat_to_onehot=None,
              max_delta_step=None, max_depth=3, max_leaves=None,
              min_child_weight=None, missing=nan, monotone_constraints=None,
              n_estimators=500, n_jobs=None, num_parallel_tree=None,
              objective='multi:softprob', predictor=None, ...)",0.9666666666666667,0.9675555555555555,0.9666666666666667,0.9662761400856639,0.9644444444444444,0.9662144152144153,0.9644444444444444,0.9644189028125496,0,0,0,0,2,2,2,2,8
"RandomForestClassifier(max_depth=50, min_samples_leaf=4, min_samples_split=20)",0.9666666666666667,0.9662761400856639,0.9666666666666667,0.9662734899848301,0.9733333333333333,0.9727336447771231,0.971111111111111,0.9710023804508076,1,2,2,2,1,1,1,1,11
<catboost.core.CatBoostClassifier object at 0x000002D76E87A790>,0.9555555555555556,0.9580945198592256,0.9555555555555556,0.9552829162854225,0.9755555555555556,0.9767338957338957,0.9755555555555556,0.9755879854464842,3,3,3,3,0,0,0,0,12
"SVC(C=408.2969460853064, gamma=10.0)",0.9666666666666667,0.9675555555555555,0.9666666666666667,0.9662761400856639,0.96,0.963043475043475,0.96,0.9598108733936421,2,1,1,1,3,4,3,4,19
DecisionTreeClassifier(max_depth=50),0.9333333333333333,0.9330246913580246,0.9333333333333333,0.9329371925116605,0.9577777777777777,0.9636764716764716,0.9533333333333334,0.9598550176608148,4,4,4,4,4,3,4,3,30
LogisticRegression(C=0.1275607669488855),0.8555555555555555,0.8504097935470485,0.8555555555555555,0.8520156520156519,0.8711111111111112,0.8729996380431164,0.8711111111111112,0.868362142070888,5,5,5,5,5,5,5,5,40
