,Accuracy,Precision,Recall,F1,10kf_Accuracy,10kf_Precision,10kf_Recall,10kf_F1,Accuracy_sort,Precision_sort,Recall_sort,F1_sort,10kf_Accuracy_sort,10kf_Precision_sort,10kf_Recall_sort,10kf_F1_sort,sort_score
"SVC(C=1000000.0, gamma=0.0682243438550666)",0.8709677419354839,0.8934081346423562,0.8709677419354839,0.8642089093701997,0.8608333333333332,0.8739388944388944,0.8608333333333332,0.8567573901541292,0,0,0,0,2,1,2,2,7
"XGBClassifier(base_score=None, booster=None, callbacks=None,
              colsample_bylevel=None, colsample_bynode=None,
              colsample_bytree=1.0, early_stopping_rounds=None,
              enable_categorical=False, eval_metric=None, feature_types=None,
              gamma=None, gpu_id=None, grow_policy=None, importance_type=None,
              interaction_constraints=None, learning_rate=0.01, max_bin=None,
              max_cat_threshold=None, max_cat_to_onehot=None,
              max_delta_step=None, max_depth=50, max_leaves=None,
              min_child_weight=None, missing=nan, monotone_constraints=None,
              n_estimators=350, n_jobs=None, num_parallel_tree=None,
              predictor=None, random_state=None, ...)",0.8064516129032258,0.8183730715287517,0.8064516129032258,0.7963133640552995,0.8812500000000002,0.8903756313131312,0.8812500000000002,0.878103195516239,2,1,1,3,0,0,0,0,7
<catboost.core.CatBoostClassifier object at 0x0000020B890A25E0>,0.8064516129032258,0.8058371735791091,0.8064516129032258,0.8024926686217009,0.8741666666666668,0.861489121989122,0.8741666666666668,0.8579795585802451,1,3,3,1,1,3,1,1,14
"RandomForestClassifier(max_depth=10, min_samples_split=4)",0.8064516129032258,0.8183730715287517,0.8064516129032258,0.7963133640552995,0.8608333333333332,0.8666502571502571,0.8608333333333332,0.8460161135161135,3,2,2,4,3,2,3,3,22
DecisionTreeClassifier(max_depth=10),0.8064516129032258,0.8058371735791091,0.8064516129032258,0.8024926686217009,0.8474999999999999,0.8514073773448774,0.8608333333333332,0.8447438672438674,4,4,4,2,4,4,4,4,30
LogisticRegression(C=1.2331491979951448),0.6774193548387096,0.6989247311827956,0.6774193548387096,0.6248246844319776,0.73625,0.7750866147741148,0.73625,0.691280074032248,5,5,5,5,5,5,5,5,40
