,Accuracy,Precision,Recall,F1,10kf_Accuracy,10kf_Precision,10kf_Recall,10kf_F1,Accuracy_sort,Precision_sort,Recall_sort,F1_sort,10kf_Accuracy_sort,10kf_Precision_sort,10kf_Recall_sort,10kf_F1_sort,sort_score
"XGBClassifier(base_score=None, booster=None, callbacks=None,
              colsample_bylevel=None, colsample_bynode=None,
              colsample_bytree=0.8345324554303744, early_stopping_rounds=None,
              enable_categorical=False, eval_metric=None, feature_types=None,
              gamma=None, gpu_id=None, grow_policy=None, importance_type=None,
              interaction_constraints=None, learning_rate=0.08233547037844142,
              max_bin=None, max_cat_threshold=None, max_cat_to_onehot=None,
              max_delta_step=None, max_depth=12, max_leaves=None,
              min_child_weight=None, missing=nan, monotone_constraints=None,
              n_estimators=126, n_jobs=None, num_parallel_tree=None,
              objective='multi:softprob', predictor=None, ...)",0.975609756097561,0.9766476388168137,0.975609756097561,0.9751126723223754,0.9731707317073169,0.9748186772577017,0.9731707317073169,0.9728310338099467,0,0,0,0,1,2,2,2,7
"SVC(C=111.46646519455068, gamma=8.545316320811928)",0.9634146341463414,0.963690321743643,0.9634146341463414,0.9629690740507283,0.9853658536585366,0.9863268844976163,0.9853658536585366,0.9851108928093172,3,3,3,1,0,0,0,0,10
"RandomForestClassifier(max_depth=10, min_samples_split=4)",0.9634146341463414,0.9657012195121951,0.9634146341463414,0.962234461054288,0.9707317073170731,0.9753937119790779,0.9731707317073169,0.975170165068689,2,2,2,3,2,1,1,1,14
<catboost.core.CatBoostClassifier object at 0x000001CDC638D6A0>,0.9634146341463414,0.9657012195121951,0.9634146341463414,0.962234461054288,0.9682926829268294,0.970538678359463,0.9682926829268294,0.9679038406970069,1,1,1,2,3,3,3,3,17
DecisionTreeClassifier(max_depth=50),0.9512195121951219,0.9547934414750846,0.9512195121951219,0.9522126422647114,0.9634146341463413,0.9630671631891143,0.9609756097560975,0.9583184011238736,4,4,4,4,4,4,4,4,32
LogisticRegression(C=131.3668887373085),0.9390243902439024,0.9386977351916376,0.9390243902439024,0.9366640440597955,0.8609756097560975,0.8719060038025267,0.8609756097560975,0.8619491570732741,5,5,5,5,5,5,5,5,40
