,Accuracy,Precision,Recall,F1,10kf_Accuracy,10kf_Precision,10kf_Recall,10kf_F1,Accuracy_sort,Precision_sort,Recall_sort,F1_sort,10kf_Accuracy_sort,10kf_Precision_sort,10kf_Recall_sort,10kf_F1_sort,sort_score
RandomForestClassifier(max_depth=50),0.9090909090909091,0.9197860962566845,0.9090909090909091,0.9043560606060606,0.8436363636363637,0.8632215007215006,0.8345454545454546,0.8408155733155734,0,0,0,0,2,2,2,2,8
<catboost.core.CatBoostClassifier object at 0x000001C92B9CC250>,0.8636363636363636,0.8863636363636364,0.8636363636363636,0.8512396694214875,0.8890909090909093,0.8997113997113997,0.8890909090909093,0.8851190476190476,2,2,2,2,0,0,0,0,8
"SVC(C=1000000.0, gamma=0.005896258032997562)",0.8181818181818182,0.8160427807486631,0.8181818181818182,0.8087121212121211,0.8518181818181819,0.8703282828282829,0.8518181818181819,0.8477408702408702,4,4,4,3,1,1,1,1,19
"DecisionTreeClassifier(max_depth=50, min_samples_split=4)",0.9090909090909091,0.9197860962566845,0.9090909090909091,0.9043560606060606,0.7890909090909091,0.8043434343434344,0.7981818181818181,0.7998593073593073,1,1,1,1,4,4,4,4,20
"XGBClassifier(base_score=None, booster=None, callbacks=None,
              colsample_bylevel=None, colsample_bynode=None,
              colsample_bytree=1.0, early_stopping_rounds=None,
              enable_categorical=False, eval_metric=None, feature_types=None,
              gamma=None, gpu_id=None, grow_policy=None, importance_type=None,
              interaction_constraints=None, learning_rate=0.07483453364661445,
              max_bin=None, max_cat_threshold=None, max_cat_to_onehot=None,
              max_delta_step=None, max_depth=6, max_leaves=None,
              min_child_weight=None, missing=nan, monotone_constraints=None,
              n_estimators=50, n_jobs=None, num_parallel_tree=None,
              predictor=None, random_state=None, ...)",0.8181818181818182,0.8564593301435408,0.8181818181818182,0.7925133689839572,0.8154545454545457,0.845050505050505,0.8154545454545457,0.8100815850815852,3,3,3,4,3,3,3,3,25
LogisticRegression(C=10.679327635628846),0.7272727272727273,0.7145135566188198,0.7272727272727273,0.6887700534759358,0.77,0.7639446412173685,0.77,0.74295475766064,5,5,5,5,5,5,5,5,40
