,Accuracy,Precision,Recall,F1,10kf_Accuracy,10kf_Precision,10kf_Recall,10kf_F1,Accuracy_sort,Precision_sort,Recall_sort,F1_sort,10kf_Accuracy_sort,10kf_Precision_sort,10kf_Recall_sort,10kf_F1_sort,sort_score
RandomForestClassifier(max_depth=50),0.963855421686747,0.9663198247535597,0.963855421686747,0.9628503318085175,0.9757839721254357,0.9755629291343577,0.978164924506388,0.9755079884212838,0,0,0,0,0,0,0,0,0
"XGBClassifier(base_score=None, booster=None, callbacks=None,
              colsample_bylevel=None, colsample_bynode=None,
              colsample_bytree=0.6965981445567097, early_stopping_rounds=None,
              enable_categorical=False, eval_metric=None, feature_types=None,
              gamma=None, gpu_id=None, grow_policy=None, importance_type=None,
              interaction_constraints=None, learning_rate=0.01, max_bin=None,
              max_cat_threshold=None, max_cat_to_onehot=None,
              max_delta_step=None, max_depth=50, max_leaves=None,
              min_child_weight=None, missing=nan, monotone_constraints=None,
              n_estimators=500, n_jobs=None, num_parallel_tree=None,
              objective='multi:softprob', predictor=None, ...)",0.9518072289156626,0.9547535596933188,0.9518072289156626,0.9495559669650994,0.9732868757259,0.9752795404363347,0.9732868757259,0.9729356121106877,1,1,1,1,1,1,1,1,8
<catboost.core.CatBoostClassifier object at 0x000001CDC62FF490>,0.9397590361445783,0.9448958625198468,0.9397590361445783,0.9362508314635609,0.9659698025551686,0.9686258282948179,0.9659698025551686,0.9650492701164588,2,2,2,3,2,2,2,2,17
DecisionTreeClassifier(max_depth=50),0.9397590361445783,0.9398138006571741,0.9397590361445783,0.9376586560144321,0.9588269454123113,0.9676946118148209,0.9611498257839722,0.9562866777000505,3,3,3,2,4,3,4,4,26
"SVC(C=66863.7927509049, gamma=0.126334806827254, kernel='poly')",0.927710843373494,0.9338482133662858,0.927710843373494,0.9220846175399272,0.9636469221835077,0.9651417107863101,0.9636469221835077,0.9631809309401828,4,4,4,4,3,4,3,3,29
LogisticRegression(C=90.61094991715417),0.9156626506024096,0.9166818051659744,0.9156626506024096,0.9126821572002295,0.8766550522648083,0.8856307468502589,0.8766550522648083,0.876878761590173,5,5,5,5,5,5,5,5,40
