,Accuracy,Precision,Recall,F1,10kf_Accuracy,10kf_Precision,10kf_Recall,10kf_F1,Accuracy_sort,Precision_sort,Recall_sort,F1_sort,10kf_Accuracy_sort,10kf_Precision_sort,10kf_Recall_sort,10kf_F1_sort,sort_score
<catboost.core.CatBoostClassifier object at 0x00000188799C4A30>,0.84,0.8678260869565217,0.84,0.8076190476190476,0.9333333333333332,0.9388888888888889,0.9333333333333332,0.9312324929971989,1,1,1,1,0,0,0,0,4
"DecisionTreeClassifier(max_depth=50, min_samples_split=4)",0.88,0.8963636363636364,0.88,0.864390243902439,0.8762820512820513,0.9024394586894587,0.8596153846153847,0.8497414350355527,0,0,0,0,2,2,3,4,11
"SVC(C=1000000.0, gamma=0.04750877541567414)",0.68,0.639047619047619,0.68,0.6560000000000001,0.8916666666666666,0.9037037037037038,0.8916666666666666,0.8867475879240587,5,5,5,5,1,1,1,1,24
"XGBClassifier(base_score=None, booster=None, callbacks=None,
              colsample_bylevel=None, colsample_bynode=None,
              colsample_bytree=0.6516174778872565, early_stopping_rounds=None,
              enable_categorical=False, eval_metric=None, feature_types=None,
              gamma=None, gpu_id=None, grow_policy=None, importance_type=None,
              interaction_constraints=None, learning_rate=0.20716215428482268,
              max_bin=None, max_cat_threshold=None, max_cat_to_onehot=None,
              max_delta_step=None, max_depth=4, max_leaves=None,
              min_child_weight=None, missing=nan, monotone_constraints=None,
              n_estimators=500, n_jobs=None, num_parallel_tree=None,
              predictor=None, random_state=None, ...)",0.8,0.7818181818181819,0.8,0.7739837398373984,0.8596153846153847,0.8746153846153846,0.8596153846153847,0.8553374512198042,2,3,3,2,4,4,4,3,25
"RandomForestClassifier(max_depth=50, n_estimators=1000)",0.76,0.7147826086956521,0.76,0.7114285714285714,0.8756410256410257,0.8836489436489435,0.8673076923076923,0.8786625815418386,4,4,4,4,3,3,2,2,26
LogisticRegression(C=1.274222272893479),0.8,0.8416666666666666,0.8,0.7401993355481729,0.7442307692307693,0.7112898212898214,0.7442307692307693,0.6870250412355676,3,2,2,3,5,5,5,5,30
