,Accuracy,Precision,Recall,F1,10kf_Accuracy,10kf_Precision,10kf_Recall,10kf_F1,Accuracy_sort,Precision_sort,Recall_sort,F1_sort,10kf_Accuracy_sort,10kf_Precision_sort,10kf_Recall_sort,10kf_F1_sort,sort_score
<catboost.core.CatBoostClassifier object at 0x000002D76E95E2E0>,0.9565217391304348,0.9563789533804525,0.9565217391304348,0.9562379153140688,0.9715458937198068,0.9723968267607208,0.9715458937198068,0.9713778944269723,0,0,0,0,1,0,0,1,2
"XGBClassifier(base_score=None, booster=None, callbacks=None,
              colsample_bylevel=None, colsample_bynode=None,
              colsample_bytree=0.5614525957689508, early_stopping_rounds=None,
              enable_categorical=False, eval_metric=None, feature_types=None,
              gamma=None, gpu_id=None, grow_policy=None, importance_type=None,
              interaction_constraints=None, learning_rate=1.0, max_bin=None,
              max_cat_threshold=None, max_cat_to_onehot=None,
              max_delta_step=None, max_depth=3, max_leaves=None,
              min_child_weight=None, missing=nan, monotone_constraints=None,
              n_estimators=500, n_jobs=None, num_parallel_tree=None,
              objective='multi:softprob', predictor=None, ...)",0.9347826086956522,0.9350020111895272,0.9347826086956522,0.934741253342891,0.9672946859903382,0.9686148822821791,0.9672946859903382,0.9671434624615814,1,1,1,1,2,1,2,2,11
"SVC(C=71969.48710428561, gamma=0.108548427993775)",0.9239130434782609,0.9274497366701264,0.9239130434782609,0.924610412820541,0.9652173913043478,0.9676942732755587,0.9652173913043478,0.9651596349318187,2,2,2,2,3,2,3,3,19
"RandomForestClassifier(max_depth=10, min_samples_split=4, n_estimators=10)",0.9130434782608695,0.9135473485937283,0.9130434782608695,0.9127593066211992,0.9737681159420291,0.9668472627981135,0.9694202898550724,0.9736860113047637,3,4,4,5,0,3,1,0,20
LogisticRegression(C=35988.16217289808),0.9130434782608695,0.9167242703533026,0.9130434782608695,0.9138157182500687,0.8842512077294685,0.8906023097931117,0.8842512077294685,0.8840632255881846,5,3,3,3,5,5,5,5,34
DecisionTreeClassifier(max_depth=10),0.9130434782608695,0.9130434782608695,0.9130434782608695,0.9130434782608695,0.9542028985507246,0.9607388050582758,0.9520289855072465,0.9516891221789789,4,5,5,4,4,4,4,4,34
