,Accuracy,Precision,Recall,F1,10kf_Accuracy,10kf_Precision,10kf_Recall,10kf_F1,Accuracy_sort,Precision_sort,Recall_sort,F1_sort,10kf_Accuracy_sort,10kf_Precision_sort,10kf_Recall_sort,10kf_F1_sort,sort_score
"XGBClassifier(base_score=None, booster=None, callbacks=None,
              colsample_bylevel=None, colsample_bynode=None,
              colsample_bytree=0.5192198056749754, early_stopping_rounds=None,
              enable_categorical=False, eval_metric=None, feature_types=None,
              gamma=None, gpu_id=None, grow_policy=None, importance_type=None,
              interaction_constraints=None, learning_rate=0.06977136732261809,
              max_bin=None, max_cat_threshold=None, max_cat_to_onehot=None,
              max_delta_step=None, max_depth=3, max_leaves=None,
              min_child_weight=None, missing=nan, monotone_constraints=None,
              n_estimators=290, n_jobs=None, num_parallel_tree=None,
              objective='multi:softprob', predictor=None, ...)",0.9560439560439561,0.9564783043043913,0.9560439560439561,0.9555767903593991,0.9689855072463768,0.9709120588214792,0.9689855072463768,0.9686330635920513,0,0,0,0,1,1,1,2,5
"RandomForestClassifier(max_depth=10, min_samples_split=4, n_estimators=1000)",0.9560439560439561,0.9564783043043913,0.9560439560439561,0.9555767903593991,0.9689855072463768,0.9701134819922006,0.9667632850241545,0.9709605190677915,1,1,1,1,2,2,2,1,11
<catboost.core.CatBoostClassifier object at 0x000002D76F996FD0>,0.945054945054945,0.9448319796145883,0.945054945054945,0.9447791032777885,0.971207729468599,0.9723090950917038,0.971207729468599,0.9709721759342287,2,3,3,3,0,0,0,0,11
"DecisionTreeClassifier(max_depth=10, min_samples_leaf=4, min_samples_split=4)",0.945054945054945,0.9458625095834399,0.945054945054945,0.9452998327030698,0.9378743961352656,0.9472361224390211,0.9400966183574878,0.9418557930217808,3,2,2,2,4,4,4,4,25
"SVC(C=1401.9239695268038, gamma=0.12708230722646896)",0.9340659340659341,0.9393031717446432,0.9340659340659341,0.9323690495024146,0.9622705314009663,0.9643238806282284,0.9622705314009663,0.9617876722649108,4,4,4,4,3,3,3,3,28
LogisticRegression(C=20201.786991857152),0.8571428571428571,0.8880306685184735,0.8571428571428571,0.8586425564597321,0.8846376811594203,0.8913282886878257,0.8846376811594203,0.8845860753755531,5,5,5,5,5,5,5,5,40
