,Accuracy,Precision,Recall,F1,10kf_Accuracy,10kf_Precision,10kf_Recall,10kf_F1,Accuracy_sort,Precision_sort,Recall_sort,F1_sort,10kf_Accuracy_sort,10kf_Precision_sort,10kf_Recall_sort,10kf_F1_sort,sort_score
<catboost.core.CatBoostClassifier object at 0x000001DE213B3160>,0.9875,0.9878205128205128,0.9875,0.9873656515897895,0.9748717948717948,0.9761401259559154,0.9748717948717948,0.9746160039638301,0,0,0,0,1,0,0,0,1
"XGBClassifier(base_score=None, booster=None, callbacks=None,
              colsample_bylevel=None, colsample_bynode=None,
              colsample_bytree=0.3207437311116082, early_stopping_rounds=None,
              enable_categorical=False, eval_metric=None, feature_types=None,
              gamma=None, gpu_id=None, grow_policy=None, importance_type=None,
              interaction_constraints=None, learning_rate=0.12371993451112617,
              max_bin=None, max_cat_threshold=None, max_cat_to_onehot=None,
              max_delta_step=None, max_depth=3, max_leaves=None,
              min_child_weight=None, missing=nan, monotone_constraints=None,
              n_estimators=366, n_jobs=None, num_parallel_tree=None,
              objective='multi:softprob', predictor=None, ...)",0.975,0.97625,0.975,0.9749870710508317,0.9674358974358974,0.9691975290791082,0.9674358974358974,0.9672290281625321,1,1,1,2,3,2,2,3,15
"RandomForestClassifier(max_depth=10, min_samples_split=4, n_estimators=10)",0.975,0.975,0.975,0.975,0.9774358974358973,0.9639965495031284,0.9673076923076923,0.9720332484816264,2,3,3,1,0,3,3,1,16
"SVC(C=1877.2966596153558, gamma=0.13507749157811605)",0.9625,0.9640625,0.9625,0.963021505376344,0.9698717948717949,0.9713100298823981,0.9698717948717949,0.9693583228714033,4,4,4,4,2,1,1,2,22
"DecisionTreeClassifier(max_depth=50, min_samples_leaf=20, min_samples_split=20)",0.975,0.97625,0.975,0.9744276556776557,0.9523076923076923,0.9557130138380139,0.9523076923076923,0.9512427418733953,3,2,2,3,4,4,4,4,26
LogisticRegression(C=0.24378352085642516),0.9,0.906389353400223,0.9,0.9000584415584413,0.8619871794871795,0.8658408302224091,0.8619871794871795,0.8592782467778008,5,5,5,5,5,5,5,5,40
