,Accuracy,Precision,Recall,F1,10kf_Accuracy,10kf_Precision,10kf_Recall,10kf_F1,Accuracy_sort,Precision_sort,Recall_sort,F1_sort,10kf_Accuracy_sort,10kf_Precision_sort,10kf_Recall_sort,10kf_F1_sort,sort_score
"XGBClassifier(base_score=None, booster=None, callbacks=None,
              colsample_bylevel=None, colsample_bynode=None,
              colsample_bytree=0.7775274366830961, early_stopping_rounds=None,
              enable_categorical=False, eval_metric=None, feature_types=None,
              gamma=None, gpu_id=None, grow_policy=None, importance_type=None,
              interaction_constraints=None, learning_rate=1.0, max_bin=None,
              max_cat_threshold=None, max_cat_to_onehot=None,
              max_delta_step=None, max_depth=26, max_leaves=None,
              min_child_weight=None, missing=nan, monotone_constraints=None,
              n_estimators=50, n_jobs=None, num_parallel_tree=None,
              objective='multi:softprob', predictor=None, ...)",0.9859154929577465,0.9869215291750503,0.9859154929577465,0.9860798479359159,0.9716666666666667,0.9739695292524241,0.9716666666666667,0.9715633000675016,0,0,0,0,1,2,2,2,7
<catboost.core.CatBoostClassifier object at 0x0000025AB6BAFE20>,0.971830985915493,0.9732076670549613,0.971830985915493,0.9714814814814814,0.9743650793650793,0.9760259740259741,0.9743650793650793,0.9742212093237083,1,2,2,2,0,0,0,1,8
"SVC(C=15.973329329168342, gamma=10.0)",0.971830985915493,0.9755868544600939,0.971830985915493,0.9725687906254769,0.9715873015873016,0.9731284271284272,0.9715873015873016,0.970907029478458,2,1,1,1,2,3,3,3,16
RandomForestClassifier(max_depth=50),0.9577464788732394,0.9615023474178404,0.9577464788732394,0.9580482897384306,0.9715873015873016,0.9757402597402598,0.9743650793650793,0.9743323251682383,3,3,3,4,3,1,1,0,18
DecisionTreeClassifier(max_depth=50),0.9577464788732394,0.9615023474178404,0.9577464788732394,0.958361278783814,0.9601587301587301,0.962955327080327,0.9602380952380953,0.9660019495304768,4,4,4,3,4,4,4,4,31
LogisticRegression(C=6219.651807261148),0.8309859154929577,0.8657444668008049,0.8309859154929577,0.8380704648310284,0.8663492063492063,0.8798567594870116,0.8663492063492063,0.8648194386332003,5,5,5,5,5,5,5,5,40
