,Accuracy,Precision,Recall,F1,10kf_Accuracy,10kf_Precision,10kf_Recall,10kf_F1,Accuracy_sort,Precision_sort,Recall_sort,F1_sort,10kf_Accuracy_sort,10kf_Precision_sort,10kf_Recall_sort,10kf_F1_sort,sort_score
RandomForestClassifier(max_depth=10),0.8709677419354839,0.8709677419354839,0.8709677419354839,0.8709677419354839,0.8612500000000001,0.8811243386243387,0.8745833333333334,0.8624212298422826,0,0,0,0,1,0,0,1,2
<catboost.core.CatBoostClassifier object at 0x0000020B890AB2E0>,0.7419354838709677,0.7586304470854556,0.7419354838709677,0.7472140762463343,0.8545833333333335,0.8614610389610389,0.8545833333333335,0.8520574415837574,2,2,2,2,2,2,2,2,16
"SVC(C=557.1456942918454, gamma=10.0)",0.7419354838709677,0.7298924731182795,0.7419354838709677,0.7208976157082749,0.8679166666666666,0.8785875420875421,0.8679166666666666,0.8647712969291916,3,5,4,3,0,1,1,0,17
"XGBClassifier(base_score=None, booster=None, callbacks=None,
              colsample_bylevel=None, colsample_bynode=None,
              colsample_bytree=0.7520090192521046, early_stopping_rounds=None,
              enable_categorical=False, eval_metric=None, feature_types=None,
              gamma=None, gpu_id=None, grow_policy=None, importance_type=None,
              interaction_constraints=None, learning_rate=1.0, max_bin=None,
              max_cat_threshold=None, max_cat_to_onehot=None,
              max_delta_step=None, max_depth=3, max_leaves=None,
              min_child_weight=None, missing=nan, monotone_constraints=None,
              n_estimators=140, n_jobs=None, num_parallel_tree=None,
              predictor=None, random_state=None, ...)",0.8064516129032258,0.8064516129032258,0.8064516129032258,0.8064516129032258,0.8083333333333333,0.8251755651755651,0.8083333333333333,0.8014958102326524,1,1,1,1,4,4,4,3,19
"DecisionTreeClassifier(max_depth=50, min_samples_split=4)",0.7096774193548387,0.738213399503722,0.7096774193548387,0.7174452475995252,0.8145833333333332,0.8422186147186148,0.8145833333333332,0.7944725703146756,5,4,5,4,3,3,3,4,31
LogisticRegression(C=0.6662048094113462),0.7419354838709677,0.7437275985663083,0.7419354838709677,0.7027649769585254,0.7158333333333332,0.7386526251526252,0.7158333333333332,0.6543292396009788,4,3,3,5,5,5,5,5,35
