,Accuracy,Precision,Recall,F1,10kf_Accuracy,10kf_Precision,10kf_Recall,10kf_F1,Accuracy_sort,Precision_sort,Recall_sort,F1_sort,10kf_Accuracy_sort,10kf_Precision_sort,10kf_Recall_sort,10kf_F1_sort,sort_score
"RandomForestClassifier(max_depth=50, min_samples_split=4)",0.92,0.9276190476190476,0.92,0.914,0.8512820512820513,0.8792307692307693,0.8679487179487181,0.8366040793285375,0,0,0,0,2,2,2,2,8
<catboost.core.CatBoostClassifier object at 0x0000018879A45400>,0.88,0.8760000000000001,0.88,0.8760839160839161,0.8846153846153847,0.9025977725977725,0.8846153846153847,0.8798793363499247,1,1,1,1,1,1,1,1,8
"SVC(C=21.279258254382565, gamma=4.620386490178415)",0.84,0.84,0.84,0.84,0.9096153846153845,0.9237088837088837,0.9096153846153845,0.9023661088366971,3,2,2,2,0,0,0,0,9
"XGBClassifier(base_score=None, booster=None, callbacks=None,
              colsample_bylevel=None, colsample_bynode=None,
              colsample_bytree=0.9045062726855243, early_stopping_rounds=None,
              enable_categorical=False, eval_metric=None, feature_types=None,
              gamma=None, gpu_id=None, grow_policy=None, importance_type=None,
              interaction_constraints=None, learning_rate=0.028681406279676396,
              max_bin=None, max_cat_threshold=None, max_cat_to_onehot=None,
              max_delta_step=None, max_depth=4, max_leaves=None,
              min_child_weight=None, missing=nan, monotone_constraints=None,
              n_estimators=50, n_jobs=None, num_parallel_tree=None,
              predictor=None, random_state=None, ...)",0.84,0.8314285714285714,0.84,0.8280000000000001,0.801923076923077,0.828013838013838,0.801923076923077,0.7942044963407193,2,3,3,3,3,4,4,4,26
DecisionTreeClassifier(max_depth=50),0.68,0.7158823529411765,0.68,0.6939682539682539,0.8006410256410256,0.8747171347171347,0.8339743589743591,0.8208602027487476,5,5,5,5,4,3,3,3,33
LogisticRegression(C=20.75501921584577),0.8,0.79,0.8,0.7934731934731936,0.7282051282051282,0.7421955821955822,0.7282051282051282,0.7057846476422329,4,4,4,4,5,5,5,5,36
