,Accuracy,Precision,Recall,F1,10kf_Accuracy,10kf_Precision,10kf_Recall,10kf_F1,Accuracy_sort,Precision_sort,Recall_sort,F1_sort,10kf_Accuracy_sort,10kf_Precision_sort,10kf_Recall_sort,10kf_F1_sort,sort_score
<catboost.core.CatBoostClassifier object at 0x000002D76E8F4EE0>,0.967032967032967,0.9671335990017308,0.967032967032967,0.9669205538721337,0.9778743961352656,0.979122777383647,0.9778743961352656,0.9777139217639638,0,0,0,0,1,1,1,1,4
"XGBClassifier(base_score=None, booster=None, callbacks=None,
              colsample_bylevel=None, colsample_bynode=None,
              colsample_bytree=0.49530501642926006, early_stopping_rounds=None,
              enable_categorical=False, eval_metric=None, feature_types=None,
              gamma=None, gpu_id=None, grow_policy=None, importance_type=None,
              interaction_constraints=None, learning_rate=0.19642197745380374,
              max_bin=None, max_cat_threshold=None, max_cat_to_onehot=None,
              max_delta_step=None, max_depth=3, max_leaves=None,
              min_child_weight=None, missing=nan, monotone_constraints=None,
              n_estimators=69, n_jobs=None, num_parallel_tree=None,
              objective='multi:softprob', predictor=None, ...)",0.967032967032967,0.9671335990017308,0.967032967032967,0.9669205538721337,0.9756521739130435,0.976960631960632,0.9756521739130435,0.9755063274161409,1,1,1,1,2,3,3,2,14
"SVC(C=12.788405031284828, gamma=10.0)",0.9560439560439561,0.9587495837495837,0.9560439560439561,0.9549843898279443,0.9844927536231884,0.9851266849092937,0.9844927536231884,0.9842856028536895,4,4,4,4,0,0,0,0,16
RandomForestClassifier(max_depth=50),0.967032967032967,0.9671335990017308,0.967032967032967,0.9669205538721337,0.9756038647342995,0.9770530918357005,0.9778260869565217,0.9732224510553898,2,2,2,2,3,2,2,3,18
DecisionTreeClassifier(max_depth=10),0.967032967032967,0.9671335990017308,0.967032967032967,0.9669205538721337,0.9623188405797102,0.9682285347502738,0.962367149758454,0.9576929741625918,3,3,3,3,4,4,4,4,28
LogisticRegression(C=92.26591888694712),0.8901098901098901,0.8934123688065397,0.8901098901098901,0.8892791889693783,0.8981159420289856,0.9031686992556558,0.8981159420289856,0.8984968487125997,5,5,5,5,5,5,5,5,40
