,Accuracy,Precision,Recall,F1,10kf_Accuracy,10kf_Precision,10kf_Recall,10kf_F1,Accuracy_sort,Precision_sort,Recall_sort,F1_sort,10kf_Accuracy_sort,10kf_Precision_sort,10kf_Recall_sort,10kf_F1_sort,sort_score
"XGBClassifier(base_score=None, booster=None, callbacks=None,
              colsample_bylevel=None, colsample_bynode=None,
              colsample_bytree=1.0, early_stopping_rounds=None,
              enable_categorical=False, eval_metric=None, feature_types=None,
              gamma=None, gpu_id=None, grow_policy=None, importance_type=None,
              interaction_constraints=None, learning_rate=0.6143904550308958,
              max_bin=None, max_cat_threshold=None, max_cat_to_onehot=None,
              max_delta_step=None, max_depth=37, max_leaves=None,
              min_child_weight=None, missing=nan, monotone_constraints=None,
              n_estimators=500, n_jobs=None, num_parallel_tree=None,
              predictor=None, random_state=None, ...)",0.9523809523809523,0.9555555555555555,0.9523809523809523,0.9513704686118478,0.8863636363636365,0.9098502886002887,0.8863636363636365,0.8797236456354103,0,0,0,0,0,0,1,0,1
"SVC(C=1000000.0, gamma=8.360624896276626)",0.9047619047619048,0.9047619047619048,0.9047619047619048,0.9047619047619048,0.8663636363636364,0.8966742424242424,0.8663636363636364,0.8600412528647823,1,1,1,1,3,2,4,4,17
RandomForestClassifier(max_depth=50),0.8571428571428571,0.8555555555555556,0.8571428571428571,0.8541114058355438,0.859090909090909,0.8906457431457431,0.8872727272727273,0.8631234402852049,2,2,2,2,4,3,0,3,18
<catboost.core.CatBoostClassifier object at 0x0000018E936C5D00>,0.8095238095238095,0.8095238095238095,0.8095238095238095,0.8095238095238095,0.8863636363636365,0.9018957431457432,0.8863636363636365,0.8782478991596637,4,4,4,4,1,1,2,1,21
"DecisionTreeClassifier(max_depth=50, min_samples_split=4)",0.7619047619047619,0.7555555555555555,0.7619047619047619,0.7568523430592397,0.8854545454545455,0.8856331168831169,0.8754545454545454,0.8777816986934633,5,5,5,5,2,4,3,2,31
LogisticRegression(C=6219.651807261148),0.8571428571428571,0.8555555555555556,0.8571428571428571,0.8541114058355438,0.77,0.7540505050505051,0.77,0.7482393048128342,3,3,3,3,5,5,5,5,32
