,Accuracy,Precision,Recall,F1,10kf_Accuracy,10kf_Precision,10kf_Recall,10kf_F1,Accuracy_sort,Precision_sort,Recall_sort,F1_sort,10kf_Accuracy_sort,10kf_Precision_sort,10kf_Recall_sort,10kf_F1_sort,sort_score
<catboost.core.CatBoostClassifier object at 0x00000242F854DCD0>,0.9878048780487805,0.9880487804878049,0.9878048780487805,0.9876562088504899,0.9703048780487805,0.972258694557475,0.9703048780487805,0.9701701240973852,0,0,0,0,0,0,1,0,1
"XGBClassifier(base_score=None, booster=None, callbacks=None,
              colsample_bylevel=None, colsample_bynode=None,
              colsample_bytree=0.6176995500589375, early_stopping_rounds=None,
              enable_categorical=False, eval_metric=None, feature_types=None,
              gamma=None, gpu_id=None, grow_policy=None, importance_type=None,
              interaction_constraints=None, learning_rate=0.9414702720221897,
              max_bin=None, max_cat_threshold=None, max_cat_to_onehot=None,
              max_delta_step=None, max_depth=6, max_leaves=None,
              min_child_weight=None, missing=nan, monotone_constraints=None,
              n_estimators=496, n_jobs=None, num_parallel_tree=None,
              objective='multi:softprob', predictor=None, ...)",0.975609756097561,0.975609756097561,0.975609756097561,0.975609756097561,0.9654878048780487,0.9683419050461733,0.9654878048780487,0.9652000217420404,1,2,2,1,2,1,2,1,12
"RandomForestClassifier(max_depth=50, min_samples_split=20, n_estimators=10)",0.975609756097561,0.9765662362505978,0.975609756097561,0.9749825783972125,0.9681097560975609,0.9541243361990313,0.9704268292682926,0.9527357992733527,2,1,1,3,1,3,0,3,14
"SVC(C=127.5182475289594, gamma=2.705895151770067, kernel='poly')",0.975609756097561,0.975609756097561,0.975609756097561,0.975609756097561,0.9530487804878047,0.9563968639761322,0.9530487804878047,0.9518857253838192,3,3,3,2,4,2,3,4,24
DecisionTreeClassifier(max_depth=10),0.9512195121951219,0.9525333914053425,0.9512195121951219,0.9510419941889094,0.9580487804878048,0.9521430256735135,0.9458536585365852,0.9555351802771623,4,4,4,4,3,4,4,2,29
LogisticRegression(C=118.86283462102838),0.8658536585365854,0.87728805963108,0.8658536585365854,0.8645554140980972,0.8720731707317073,0.8798102845663822,0.8720731707317073,0.8718566424635007,5,5,5,5,5,5,5,5,40
