,Accuracy,Precision,Recall,F1,10kf_Accuracy,10kf_Precision,10kf_Recall,10kf_F1,Accuracy_sort,Precision_sort,Recall_sort,F1_sort,10kf_Accuracy_sort,10kf_Precision_sort,10kf_Recall_sort,10kf_F1_sort,sort_score
"SVC(C=16.69514552872336, gamma=10.0)",0.975,0.9760401721664275,0.975,0.9747230761723514,0.9799358974358974,0.9813362887112886,0.9799358974358974,0.9796719606660853,0,0,0,0,1,1,1,1,4
<catboost.core.CatBoostClassifier object at 0x000001DE215DCB80>,0.9625,0.9625662778366915,0.9625,0.9623325453112687,0.9823076923076922,0.9837055860805861,0.9823076923076922,0.9821532531381696,1,1,1,1,0,0,0,0,4
"XGBClassifier(base_score=None, booster=None, callbacks=None,
              colsample_bylevel=None, colsample_bynode=None,
              colsample_bytree=0.5259468903321559, early_stopping_rounds=None,
              enable_categorical=False, eval_metric=None, feature_types=None,
              gamma=None, gpu_id=None, grow_policy=None, importance_type=None,
              interaction_constraints=None, learning_rate=0.01, max_bin=None,
              max_cat_threshold=None, max_cat_to_onehot=None,
              max_delta_step=None, max_depth=3, max_leaves=None,
              min_child_weight=None, missing=nan, monotone_constraints=None,
              n_estimators=500, n_jobs=None, num_parallel_tree=None,
              objective='multi:softprob', predictor=None, ...)",0.95,0.9506493506493507,0.95,0.9495227995758219,0.9748076923076923,0.9765578588078588,0.9748076923076923,0.9747065568756839,2,2,2,2,3,3,3,2,19
RandomForestClassifier(max_depth=10),0.95,0.9506493506493507,0.95,0.9495227995758219,0.9773717948717948,0.9784316933066932,0.9798076923076924,0.9720868048328549,3,3,3,3,2,2,2,3,21
"DecisionTreeClassifier(max_depth=10, min_samples_leaf=4, min_samples_split=4)",0.9375,0.938013564627625,0.9375,0.9369882398867905,0.9420512820512821,0.9507073204573206,0.9520512820512821,0.9411254771134285,4,4,4,4,4,4,4,4,32
LogisticRegression(C=1271.1429498344642),0.8625,0.8821034077555817,0.8625,0.864102564102564,0.8942307692307692,0.8999190003752696,0.8942307692307692,0.8936932845111054,5,5,5,5,5,5,5,5,40
