,Accuracy,Precision,Recall,F1,10kf_Accuracy,10kf_Precision,10kf_Recall,10kf_F1,Accuracy_sort,Precision_sort,Recall_sort,F1_sort,10kf_Accuracy_sort,10kf_Precision_sort,10kf_Recall_sort,10kf_F1_sort,sort_score
<catboost.core.CatBoostClassifier object at 0x000001D1002A3100>,0.8888888888888888,0.8976190476190475,0.8888888888888888,0.8918073796122575,0.881868131868132,0.8851173826173827,0.881868131868132,0.875669745631046,1,1,1,1,1,1,1,1,8
"SVC(C=554.0933807069288, gamma=10.0)",0.8888888888888888,0.8848484848484849,0.8888888888888888,0.8851303735024665,0.9115384615384616,0.9236675824175824,0.9115384615384616,0.9054014922126378,3,3,3,3,0,0,0,0,12
"XGBClassifier(base_score=None, booster=None, callbacks=None,
              colsample_bylevel=None, colsample_bynode=None,
              colsample_bytree=0.482674597815838, early_stopping_rounds=None,
              enable_categorical=False, eval_metric=None, feature_types=None,
              gamma=None, gpu_id=None, grow_policy=None, importance_type=None,
              interaction_constraints=None, learning_rate=0.13477078056331684,
              max_bin=None, max_cat_threshold=None, max_cat_to_onehot=None,
              max_delta_step=None, max_depth=50, max_leaves=None,
              min_child_weight=None, missing=nan, monotone_constraints=None,
              n_estimators=452, n_jobs=None, num_parallel_tree=None,
              predictor=None, random_state=None, ...)",0.9259259259259259,0.9259259259259259,0.9259259259259259,0.9259259259259259,0.8241758241758242,0.8317757242757242,0.8241758241758242,0.8186324099017597,0,0,0,0,4,4,4,3,15
"RandomForestClassifier(max_depth=50, min_samples_split=4, n_estimators=10)",0.8888888888888888,0.8976190476190475,0.8888888888888888,0.8918073796122575,0.8302197802197803,0.8377102064602063,0.8379120879120879,0.8091255382044855,2,2,2,2,3,3,3,4,21
DecisionTreeClassifier(max_depth=10),0.7777777777777778,0.8070175438596492,0.7777777777777778,0.7880952380952382,0.8384615384615385,0.865839577089577,0.8379120879120879,0.8533492041154579,4,4,4,4,2,2,2,2,24
LogisticRegression(C=1.073385044650298),0.7777777777777778,0.7333333333333334,0.7777777777777778,0.7318840579710145,0.7423076923076922,0.7248907228302832,0.7423076923076922,0.6843734009261959,5,5,5,5,5,5,5,5,40
