,Accuracy,Precision,Recall,F1,10kf_Accuracy,10kf_Precision,10kf_Recall,10kf_F1,Accuracy_sort,Precision_sort,Recall_sort,F1_sort,10kf_Accuracy_sort,10kf_Precision_sort,10kf_Recall_sort,10kf_F1_sort,sort_score
"RandomForestClassifier(max_depth=10, n_estimators=1000)",0.9879518072289156,0.9885542168674698,0.9879518072289156,0.9880259499536607,0.9759001161440185,0.9779057874815695,0.9759001161440185,0.9755942415187239,1,1,1,1,0,0,0,0,4
"XGBClassifier(base_score=None, booster=None, callbacks=None,
              colsample_bylevel=None, colsample_bynode=None,
              colsample_bytree=0.5298063223390418, early_stopping_rounds=None,
              enable_categorical=False, eval_metric=None, feature_types=None,
              gamma=None, gpu_id=None, grow_policy=None, importance_type=None,
              interaction_constraints=None, learning_rate=0.08219659576019349,
              max_bin=None, max_cat_threshold=None, max_cat_to_onehot=None,
              max_delta_step=None, max_depth=36, max_leaves=None,
              min_child_weight=None, missing=nan, monotone_constraints=None,
              n_estimators=304, n_jobs=None, num_parallel_tree=None,
              objective='multi:softprob', predictor=None, ...)",0.9879518072289156,0.9885542168674698,0.9879518072289156,0.9880259499536607,0.9685830429732867,0.9704370281707048,0.9685830429732867,0.9680384043369223,0,0,0,0,2,2,2,2,8
<catboost.core.CatBoostClassifier object at 0x000001CDC6135A00>,0.9759036144578314,0.9769522534582775,0.9759036144578314,0.9758461138320197,0.9686411149825783,0.9714520739070049,0.9686411149825783,0.9685131679780868,2,2,2,2,1,1,1,1,12
DecisionTreeClassifier(max_depth=50),0.963855421686747,0.9675945159950146,0.963855421686747,0.9640915175854935,0.9613821138211381,0.9641023696030114,0.9590011614401858,0.9612016378087441,3,3,3,3,4,4,4,4,28
"SVC(C=107444.50651985296, gamma=10.0)",0.963855421686747,0.9634950056636803,0.963855421686747,0.9634452164572647,0.9659698025551684,0.9677954120985481,0.9659698025551684,0.96528503251792,4,4,4,4,3,3,3,3,28
LogisticRegression(C=9.65604814981973),0.7951807228915663,0.8030216102505259,0.7951807228915663,0.7984207098664929,0.8696864111498257,0.8775876270865268,0.8696864111498257,0.8693727691267416,5,5,5,5,5,5,5,5,40
