,Accuracy,Precision,Recall,F1,10kf_Accuracy,10kf_Precision,10kf_Recall,10kf_F1,Accuracy_sort,Precision_sort,Recall_sort,F1_sort,10kf_Accuracy_sort,10kf_Precision_sort,10kf_Recall_sort,10kf_F1_sort,sort_score
<catboost.core.CatBoostClassifier object at 0x0000025AB7C99D90>,0.9714285714285714,0.9718487394957983,0.9714285714285714,0.9713421310436235,0.9771428571428571,0.9788670160249108,0.9771428571428571,0.9769710757483011,1,3,3,1,0,0,0,0,8
DecisionTreeClassifier(max_depth=50),0.9857142857142858,0.9864661654135338,0.9857142857142858,0.9857142857142858,0.9628571428571429,0.9658961038961038,0.96,0.9655111523850165,0,0,0,0,4,4,4,2,14
"RandomForestClassifier(max_depth=10, n_estimators=10)",0.9714285714285714,0.9730612244897959,0.9714285714285714,0.9710084033613445,0.9685714285714285,0.9754644186223134,0.9714285714285713,0.9645212418300654,3,1,1,2,2,2,2,4,17
"SVC(C=1000000.0, gamma=10.0)",0.9571428571428572,0.9567226890756302,0.9571428571428572,0.9566372220530003,0.9771428571428571,0.9780071725659962,0.9771428571428571,0.9767748247624409,4,4,4,4,1,1,1,1,20
"XGBClassifier(base_score=None, booster=None, callbacks=None,
              colsample_bylevel=None, colsample_bynode=None,
              colsample_bytree=0.7055047305129464, early_stopping_rounds=None,
              enable_categorical=False, eval_metric=None, feature_types=None,
              gamma=None, gpu_id=None, grow_policy=None, importance_type=None,
              interaction_constraints=None, learning_rate=1.0, max_bin=None,
              max_cat_threshold=None, max_cat_to_onehot=None,
              max_delta_step=None, max_depth=50, max_leaves=None,
              min_child_weight=None, missing=nan, monotone_constraints=None,
              n_estimators=139, n_jobs=None, num_parallel_tree=None,
              objective='multi:softprob', predictor=None, ...)",0.9714285714285714,0.9726006191950465,0.9714285714285714,0.9709345806360732,0.9657142857142856,0.9685610997189945,0.9657142857142856,0.9652441095232145,2,2,2,3,3,3,3,3,21
LogisticRegression(C=479.60902489679876),0.9,0.8991810057356275,0.9,0.8988546770059376,0.862857142857143,0.8717296433725006,0.862857142857143,0.8641158355661037,5,5,5,5,5,5,5,5,40
