,Accuracy,Precision,Recall,F1,10kf_Accuracy,10kf_Precision,10kf_Recall,10kf_F1,Accuracy_sort,Precision_sort,Recall_sort,F1_sort,10kf_Accuracy_sort,10kf_Precision_sort,10kf_Recall_sort,10kf_F1_sort,sort_score
<catboost.core.CatBoostClassifier object at 0x000001D100199CA0>,0.8888888888888888,0.9040404040404041,0.8888888888888888,0.8801334167187825,0.8747252747252748,0.8902136752136753,0.8747252747252748,0.8699272138005,0,0,0,0,2,2,1,2,7
"SVC(C=66567.65592214909, gamma=10.0)",0.8518518518518519,0.8500881834215167,0.8518518518518519,0.844973544973545,0.9120879120879121,0.9226985712699998,0.9120879120879121,0.9106200597647967,3,3,3,3,0,0,0,0,12
RandomForestClassifier(max_depth=50),0.8518518518518519,0.8518518518518519,0.8518518518518519,0.8518518518518519,0.8752747252747252,0.8845809745809745,0.8598901098901098,0.8748418665711899,1,2,2,2,1,3,3,1,15
"DecisionTreeClassifier(max_depth=50, min_samples_split=4)",0.8518518518518519,0.8697167755991286,0.8518518518518519,0.8559670781893004,0.8510989010989011,0.8782692307692308,0.8587912087912087,0.8624297602736346,2,1,1,1,4,4,4,4,21
"XGBClassifier(base_score=None, booster=None, callbacks=None,
              colsample_bylevel=None, colsample_bynode=None,
              colsample_bytree=0.5809170268416501, early_stopping_rounds=None,
              enable_categorical=False, eval_metric=None, feature_types=None,
              gamma=None, gpu_id=None, grow_policy=None, importance_type=None,
              interaction_constraints=None, learning_rate=0.28649850627074325,
              max_bin=None, max_cat_threshold=None, max_cat_to_onehot=None,
              max_delta_step=None, max_depth=21, max_leaves=None,
              min_child_weight=None, missing=nan, monotone_constraints=None,
              n_estimators=92, n_jobs=None, num_parallel_tree=None,
              predictor=None, random_state=None, ...)",0.8148148148148148,0.8097883597883597,0.8148148148148148,0.8110161443494777,0.8736263736263737,0.8903837828837828,0.8736263736263737,0.8685254090594648,4,4,4,4,3,1,2,3,25
LogisticRegression(C=6219.651807261148),0.7407407407407407,0.7322751322751323,0.7407407407407407,0.7354226020892688,0.75,0.7523933011433013,0.75,0.7333142711139172,5,5,5,5,5,5,5,5,40
