,Accuracy,Precision,Recall,F1,10kf_Accuracy,10kf_Precision,10kf_Recall,10kf_F1,Accuracy_sort,Precision_sort,Recall_sort,F1_sort,10kf_Accuracy_sort,10kf_Precision_sort,10kf_Recall_sort,10kf_F1_sort,sort_score
"XGBClassifier(base_score=None, booster=None, callbacks=None,
              colsample_bylevel=None, colsample_bynode=None,
              colsample_bytree=1.0, early_stopping_rounds=None,
              enable_categorical=False, eval_metric=None, feature_types=None,
              gamma=None, gpu_id=None, grow_policy=None, importance_type=None,
              interaction_constraints=None, learning_rate=0.8332156522361271,
              max_bin=None, max_cat_threshold=None, max_cat_to_onehot=None,
              max_delta_step=None, max_depth=3, max_leaves=None,
              min_child_weight=None, missing=nan, monotone_constraints=None,
              n_estimators=291, n_jobs=None, num_parallel_tree=None,
              predictor=None, random_state=None, ...)",0.8333333333333334,0.8571428571428572,0.8333333333333334,0.8423645320197044,0.9083333333333334,0.9160714285714284,0.9083333333333334,0.9039353239353239,0,0,0,0,1,1,1,1,4
"SVC(C=239.19586433542028, gamma=1.056625214306415)",0.8333333333333334,0.8571428571428572,0.8333333333333334,0.8423645320197044,0.9777777777777779,0.980952380952381,0.9777777777777779,0.9764102564102565,2,2,2,2,0,0,0,0,8
"RandomForestClassifier(max_depth=50, n_estimators=1000)",0.8333333333333334,0.8571428571428572,0.8333333333333334,0.8423645320197044,0.875,0.8926587301587301,0.8861111111111111,0.8663451363451363,1,1,1,1,3,3,3,3,16
<catboost.core.CatBoostClassifier object at 0x000002D52E98CF70>,0.7222222222222222,0.7559523809523809,0.7222222222222222,0.7372742200328408,0.8972222222222221,0.9053571428571427,0.8972222222222221,0.8911680911680913,4,4,4,4,2,2,2,2,24
"DecisionTreeClassifier(max_depth=1, min_samples_leaf=4, min_samples_split=20)",0.7777777777777778,0.7777777777777778,0.7777777777777778,0.7777777777777778,0.7944444444444445,0.7873015873015872,0.7944444444444445,0.7649552299552299,3,3,3,3,4,4,4,4,28
LogisticRegression(C=6219.651807261148),0.7222222222222222,0.6770833333333334,0.7222222222222222,0.6989247311827957,0.7041666666666667,0.6432319223985891,0.7041666666666667,0.6638919413919413,5,5,5,5,5,5,5,5,40
