,Accuracy,Precision,Recall,F1,10kf_Accuracy,10kf_Precision,10kf_Recall,10kf_F1,Accuracy_sort,Precision_sort,Recall_sort,F1_sort,10kf_Accuracy_sort,10kf_Precision_sort,10kf_Recall_sort,10kf_F1_sort,sort_score
"SVC(C=1000000.0, gamma=7.706536507557195)",0.8387096774193549,0.8455522971652003,0.8387096774193549,0.8330898055524334,0.8608333333333332,0.884869991119991,0.8608333333333332,0.854285579344403,2,0,0,2,2,2,1,1,10
"XGBClassifier(base_score=None, booster=None, callbacks=None,
              colsample_bylevel=None, colsample_bynode=None,
              colsample_bytree=1.0, early_stopping_rounds=None,
              enable_categorical=False, eval_metric=None, feature_types=None,
              gamma=None, gpu_id=None, grow_policy=None, importance_type=None,
              interaction_constraints=None, learning_rate=0.02958964200617599,
              max_bin=None, max_cat_threshold=None, max_cat_to_onehot=None,
              max_delta_step=None, max_depth=40, max_leaves=None,
              min_child_weight=None, missing=nan, monotone_constraints=None,
              n_estimators=336, n_jobs=None, num_parallel_tree=None,
              predictor=None, random_state=None, ...)",0.8387096774193549,0.837683284457478,0.8387096774193549,0.8372711907073759,0.8479166666666667,0.8641159026159027,0.8479166666666667,0.841935064935065,0,1,1,0,3,3,2,3,13
<catboost.core.CatBoostClassifier object at 0x0000020B8A0CC610>,0.7741935483870968,0.7746823069403714,0.7741935483870968,0.7663257277734068,0.8875,0.9005270562770564,0.8875,0.8856603672671784,4,4,4,4,0,0,0,0,16
"RandomForestClassifier(max_depth=10, n_estimators=10)",0.8064516129032258,0.8058371735791091,0.8064516129032258,0.8024926686217009,0.8679166666666667,0.8910050505050504,0.8279166666666666,0.8542011090045147,3,3,3,3,1,1,3,2,19
"DecisionTreeClassifier(max_depth=50, min_samples_leaf=4, min_samples_split=20)",0.8387096774193549,0.837683284457478,0.8387096774193549,0.8372711907073759,0.775,0.772972027972028,0.775,0.7622229750925402,1,2,2,1,4,4,4,4,22
LogisticRegression(C=0.5216114596269898),0.6451612903225806,0.652073732718894,0.6451612903225806,0.5726835964310226,0.7091666666666666,0.7368577533577534,0.7091666666666666,0.6484719085262564,5,5,5,5,5,5,5,5,40
