,Accuracy,Precision,Recall,F1,10kf_Accuracy,10kf_Precision,10kf_Recall,10kf_F1,Accuracy_sort,Precision_sort,Recall_sort,F1_sort,10kf_Accuracy_sort,10kf_Precision_sort,10kf_Recall_sort,10kf_F1_sort,sort_score
<catboost.core.CatBoostClassifier object at 0x000001BD44309940>,0.9565217391304348,0.9592391304347826,0.9565217391304348,0.9557737260402057,0.8681818181818182,0.8790548340548341,0.8681818181818182,0.8639923039923039,0,0,0,0,1,1,1,1,4
"SVC(C=1000000.0, gamma=0.010770860074351027)",0.9565217391304348,0.9592391304347826,0.9565217391304348,0.9557737260402057,0.8757575757575757,0.8866810966810966,0.8757575757575757,0.8724511218628865,1,1,1,1,0,0,0,0,4
"XGBClassifier(base_score=None, booster=None, callbacks=None,
              colsample_bylevel=None, colsample_bynode=None,
              colsample_bytree=0.7095634023211652, early_stopping_rounds=None,
              enable_categorical=False, eval_metric=None, feature_types=None,
              gamma=None, gpu_id=None, grow_policy=None, importance_type=None,
              interaction_constraints=None, learning_rate=1.0, max_bin=None,
              max_cat_threshold=None, max_cat_to_onehot=None,
              max_delta_step=None, max_depth=18, max_leaves=None,
              min_child_weight=None, missing=nan, monotone_constraints=None,
              n_estimators=50, n_jobs=None, num_parallel_tree=None,
              predictor=None, random_state=None, ...)",0.8695652173913043,0.8761214630779849,0.8695652173913043,0.8711526589646353,0.859090909090909,0.8667568542568542,0.859090909090909,0.858087598675834,3,3,3,3,2,2,2,2,20
"RandomForestClassifier(max_depth=50, min_samples_split=4)",0.9130434782608695,0.9130434782608695,0.9130434782608695,0.9130434782608695,0.8583333333333332,0.8629629629629629,0.8325757575757574,0.8360792801969271,2,2,2,2,3,3,4,3,21
"DecisionTreeClassifier(max_depth=10, min_samples_leaf=4, min_samples_split=20)",0.8260869565217391,0.845484949832776,0.8260869565217391,0.8295376121463076,0.8416666666666666,0.8584235209235208,0.8416666666666666,0.8296345103698044,4,4,4,4,4,4,3,4,31
LogisticRegression(C=2.4519866198476947),0.6521739130434783,0.6086956521739131,0.6521739130434783,0.5768115942028985,0.7250000000000001,0.7338311688311687,0.7250000000000001,0.689110458112006,5,5,5,5,5,5,5,5,40
