,Accuracy,Precision,Recall,F1,10kf_Accuracy,10kf_Precision,10kf_Recall,10kf_F1,Accuracy_sort,Precision_sort,Recall_sort,F1_sort,10kf_Accuracy_sort,10kf_Precision_sort,10kf_Recall_sort,10kf_F1_sort,sort_score
"SVC(C=1000000.0, gamma=10.0)",0.92,0.92,0.92,0.92,0.8820512820512819,0.8963848188848189,0.8820512820512819,0.8805622716923027,0,0,0,0,0,1,0,0,1
<catboost.core.CatBoostClassifier object at 0x00000188797E1D00>,0.8,0.7952380952380953,0.8,0.7961904761904762,0.8807692307692309,0.898927738927739,0.8807692307692309,0.8737056851530536,1,3,3,3,1,0,1,1,13
"XGBClassifier(base_score=None, booster=None, callbacks=None,
              colsample_bylevel=None, colsample_bynode=None,
              colsample_bytree=0.9200211354628485, early_stopping_rounds=None,
              enable_categorical=False, eval_metric=None, feature_types=None,
              gamma=None, gpu_id=None, grow_policy=None, importance_type=None,
              interaction_constraints=None, learning_rate=0.43671663468343624,
              max_bin=None, max_cat_threshold=None, max_cat_to_onehot=None,
              max_delta_step=None, max_depth=43, max_leaves=None,
              min_child_weight=None, missing=nan, monotone_constraints=None,
              n_estimators=483, n_jobs=None, num_parallel_tree=None,
              predictor=None, random_state=None, ...)",0.8,0.8083333333333332,0.8,0.8028520499108734,0.8653846153846153,0.877990157990158,0.8653846153846153,0.8600058120414158,2,1,1,1,2,3,2,2,14
"RandomForestClassifier(max_depth=50, n_estimators=10)",0.8,0.8083333333333332,0.8,0.8028520499108734,0.8326923076923076,0.888010878010878,0.85,0.849153265894752,3,2,2,2,3,2,3,3,20
"DecisionTreeClassifier(max_depth=50, min_samples_leaf=4, min_samples_split=20)",0.72,0.7574025974025974,0.72,0.7285568760611204,0.8326923076923076,0.8490255115255115,0.8326923076923076,0.824502999580399,4,4,4,4,4,4,4,4,32
LogisticRegression(C=4.341355378873763),0.72,0.7020000000000001,0.72,0.6990436590436591,0.7205128205128204,0.7016780228318689,0.7205128205128204,0.6876071915700399,5,5,5,5,5,5,5,5,40
