,Accuracy,Precision,Recall,F1,10kf_Accuracy,10kf_Precision,10kf_Recall,10kf_F1,Accuracy_sort,Precision_sort,Recall_sort,F1_sort,10kf_Accuracy_sort,10kf_Precision_sort,10kf_Recall_sort,10kf_F1_sort,sort_score
<catboost.core.CatBoostClassifier object at 0x000002BBCDE528B0>,1.0,1.0,1.0,1.0,0.9488888888888889,0.9554761904761906,0.9488888888888889,0.9455384615384617,0,0,0,0,0,0,0,0,0
"XGBClassifier(base_score=None, booster=None, callbacks=None,
              colsample_bylevel=None, colsample_bynode=None,
              colsample_bytree=0.9315595808977982, early_stopping_rounds=None,
              enable_categorical=False, eval_metric=None, feature_types=None,
              gamma=None, gpu_id=None, grow_policy=None, importance_type=None,
              interaction_constraints=None, learning_rate=0.3561363731606434,
              max_bin=None, max_cat_threshold=None, max_cat_to_onehot=None,
              max_delta_step=None, max_depth=43, max_leaves=None,
              min_child_weight=None, missing=nan, monotone_constraints=None,
              n_estimators=394, n_jobs=None, num_parallel_tree=None,
              predictor=None, random_state=None, ...)",0.95,0.9625,0.95,0.9528138528138527,0.8777777777777779,0.8880357142857143,0.8777777777777779,0.8753992673992675,1,1,1,1,4,2,3,2,15
DecisionTreeClassifier(max_depth=10),0.9,0.9400000000000001,0.9,0.909375,0.8877777777777778,0.870628306878307,0.8977777777777778,0.8550622710622712,3,2,2,2,1,3,1,4,18
"RandomForestClassifier(max_depth=50, min_samples_split=4, n_estimators=10)",0.9,0.9105263157894736,0.9,0.8777777777777777,0.8877777777777778,0.8557579365079366,0.8766666666666667,0.8941108058608058,2,3,3,3,2,4,4,1,22
"SVC(C=1000000.0, gamma=9.947567662018757)",0.65,0.8166666666666667,0.65,0.6993730407523511,0.8855555555555557,0.8985912698412697,0.8855555555555557,0.8742928737928738,5,4,5,5,3,1,2,3,28
LogisticRegression(C=6219.651807261148),0.85,0.7224999999999999,0.85,0.7810810810810811,0.7633333333333333,0.7378589065255732,0.7633333333333333,0.7350106837606838,4,5,4,4,5,5,5,5,37
