,Accuracy,Precision,Recall,F1,10kf_Accuracy,10kf_Precision,10kf_Recall,10kf_F1,Accuracy_sort,Precision_sort,Recall_sort,F1_sort,10kf_Accuracy_sort,10kf_Precision_sort,10kf_Recall_sort,10kf_F1_sort,sort_score
"SVC(C=1000000.0, gamma=10.0)",0.9310344827586207,0.9310344827586207,0.9310344827586207,0.9310344827586207,0.9028571428571428,0.9117965367965366,0.9028571428571428,0.9003944767699744,1,1,1,1,0,0,0,0,4
RandomForestClassifier(max_depth=10),0.9310344827586207,0.9310344827586207,0.9310344827586207,0.9310344827586207,0.9019047619047619,0.895236013986014,0.8814285714285715,0.8684700419242658,0,0,0,0,1,3,2,3,9
<catboost.core.CatBoostClassifier object at 0x000001D10007F5B0>,0.896551724137931,0.9065467266366817,0.896551724137931,0.900153404922297,0.8947619047619048,0.9066378066378065,0.8947619047619048,0.8890689928283914,2,2,2,2,2,1,1,1,13
"XGBClassifier(base_score=None, booster=None, callbacks=None,
              colsample_bylevel=None, colsample_bynode=None,
              colsample_bytree=0.7754585272379433, early_stopping_rounds=None,
              enable_categorical=False, eval_metric=None, feature_types=None,
              gamma=None, gpu_id=None, grow_policy=None, importance_type=None,
              interaction_constraints=None, learning_rate=0.5652673031539334,
              max_bin=None, max_cat_threshold=None, max_cat_to_onehot=None,
              max_delta_step=None, max_depth=50, max_leaves=None,
              min_child_weight=None, missing=nan, monotone_constraints=None,
              n_estimators=50, n_jobs=None, num_parallel_tree=None,
              predictor=None, random_state=None, ...)",0.8620689655172413,0.8884908195253023,0.8620689655172413,0.8705647176411793,0.880952380952381,0.8977721088435373,0.880952380952381,0.8745419691002398,3,3,3,3,4,2,3,2,23
DecisionTreeClassifier(max_depth=50),0.8620689655172413,0.8884908195253023,0.8620689655172413,0.8705647176411793,0.8947619047619048,0.885249433106576,0.8595238095238095,0.8564576771697514,4,4,4,4,3,4,4,4,31
LogisticRegression(C=6219.651807261148),0.7586206896551724,0.6743295019157087,0.7586206896551724,0.713995943204868,0.7057142857142857,0.7046461871461872,0.7057142857142857,0.6905515140665517,5,5,5,5,5,5,5,5,40
