,Accuracy,Precision,Recall,F1,10kf_Accuracy,10kf_Precision,10kf_Recall,10kf_F1,Accuracy_sort,Precision_sort,Recall_sort,F1_sort,10kf_Accuracy_sort,10kf_Precision_sort,10kf_Recall_sort,10kf_F1_sort,sort_score
"SVC(C=265.6003404325595, gamma=10.0)",0.8888888888888888,0.8848484848484849,0.8888888888888888,0.8851303735024665,0.9115384615384615,0.9312519623233909,0.9115384615384615,0.9020140438091566,0,0,0,0,0,0,0,0,0
<catboost.core.CatBoostClassifier object at 0x000001D17E850640>,0.8148148148148148,0.8580246913580246,0.8148148148148148,0.8262108262108262,0.8747252747252746,0.8917461704961704,0.8747252747252746,0.8678983374726409,1,1,1,1,1,1,1,1,8
"RandomForestClassifier(max_depth=10, n_estimators=1000)",0.8148148148148148,0.826984126984127,0.8148148148148148,0.8196789660204294,0.8516483516483516,0.8805644355644355,0.8516483516483516,0.8420705610179293,2,3,2,2,3,2,2,3,19
"XGBClassifier(base_score=None, booster=None, callbacks=None,
              colsample_bylevel=None, colsample_bynode=None,
              colsample_bytree=0.8494611668128064, early_stopping_rounds=None,
              enable_categorical=False, eval_metric=None, feature_types=None,
              gamma=None, gpu_id=None, grow_policy=None, importance_type=None,
              interaction_constraints=None, learning_rate=1.0, max_bin=None,
              max_cat_threshold=None, max_cat_to_onehot=None,
              max_delta_step=None, max_depth=50, max_leaves=None,
              min_child_weight=None, missing=nan, monotone_constraints=None,
              n_estimators=103, n_jobs=None, num_parallel_tree=None,
              predictor=None, random_state=None, ...)",0.7777777777777778,0.8431372549019608,0.7777777777777778,0.7938596491228069,0.8379120879120879,0.8554116716616716,0.8379120879120879,0.8343034382198468,3,2,3,3,4,3,3,4,25
DecisionTreeClassifier(max_depth=50),0.7777777777777778,0.8070175438596492,0.7777777777777778,0.7880952380952382,0.8736263736263735,0.8519204604918891,0.8373626373626373,0.8466497610576557,4,4,4,4,2,4,4,2,28
LogisticRegression(C=1.0032139241728852),0.7777777777777778,0.7333333333333334,0.7777777777777778,0.7318840579710145,0.7115384615384616,0.7230497067035528,0.7115384615384616,0.6538842110270682,5,5,5,5,5,5,5,5,40
