,Accuracy,Precision,Recall,F1,10kf_Accuracy,10kf_Precision,10kf_Recall,10kf_F1,Accuracy_sort,Precision_sort,Recall_sort,F1_sort,10kf_Accuracy_sort,10kf_Precision_sort,10kf_Recall_sort,10kf_F1_sort,sort_score
<catboost.core.CatBoostClassifier object at 0x0000020B8A0A23D0>,0.8387096774193549,0.851018675721562,0.8387096774193549,0.8366615463389657,0.9070833333333332,0.9214858405483406,0.9070833333333332,0.8987649707272134,0,1,0,0,0,0,0,0,1
"SVC(C=448217.94106421614, gamma=0.039485543037450464)",0.8064516129032258,0.8592375366568915,0.8064516129032258,0.7975382003395586,0.8675,0.8791058016058017,0.8675,0.861529294662876,1,0,1,1,2,2,2,2,11
DecisionTreeClassifier(max_depth=10),0.7741935483870968,0.7835314091680815,0.7741935483870968,0.771326164874552,0.8804166666666667,0.9172686688311689,0.88125,0.8721626950072905,2,2,2,2,1,1,1,1,12
"XGBClassifier(base_score=None, booster=None, callbacks=None,
              colsample_bylevel=None, colsample_bynode=None,
              colsample_bytree=1.0, early_stopping_rounds=None,
              enable_categorical=False, eval_metric=None, feature_types=None,
              gamma=None, gpu_id=None, grow_policy=None, importance_type=None,
              interaction_constraints=None, learning_rate=0.015567079467958995,
              max_bin=None, max_cat_threshold=None, max_cat_to_onehot=None,
              max_delta_step=None, max_depth=50, max_leaves=None,
              min_child_weight=None, missing=nan, monotone_constraints=None,
              n_estimators=500, n_jobs=None, num_parallel_tree=None,
              predictor=None, random_state=None, ...)",0.7096774193548387,0.7311827956989246,0.7096774193548387,0.700261551874455,0.8479166666666668,0.8302241161616163,0.8479166666666668,0.8316164230294666,3,3,3,3,3,4,3,4,26
"RandomForestClassifier(max_depth=10, n_estimators=1000)",0.7096774193548387,0.7311827956989246,0.7096774193548387,0.700261551874455,0.8479166666666667,0.8721288780663781,0.8479166666666667,0.8330598042096898,4,4,4,4,4,3,4,3,30
LogisticRegression(C=4.341355378873763),0.6451612903225806,0.7129032258064517,0.6451612903225806,0.6080701360008992,0.7229166666666667,0.7469615800865801,0.7229166666666667,0.6938659368007194,5,5,5,5,5,5,5,5,40
