,Accuracy,Precision,Recall,F1,10kf_Accuracy,10kf_Precision,10kf_Recall,10kf_F1,Accuracy_sort,Precision_sort,Recall_sort,F1_sort,10kf_Accuracy_sort,10kf_Precision_sort,10kf_Recall_sort,10kf_F1_sort,sort_score
"RandomForestClassifier(max_depth=50, min_samples_split=4, n_estimators=1000)",0.7619047619047619,0.8333333333333334,0.7619047619047619,0.7828515570451053,0.8645454545454546,0.8576010101010102,0.8745454545454546,0.8695147989265637,1,0,0,0,2,2,2,2,9
"SVC(C=5.484059352597594, gamma=10.0)",0.7619047619047619,0.7845238095238096,0.7619047619047619,0.7715247715247715,0.8854545454545455,0.900719696969697,0.8854545454545455,0.8804159337394631,2,4,2,2,0,0,0,0,10
<catboost.core.CatBoostClassifier object at 0x0000018E937EC6A0>,0.7142857142857143,0.8186813186813188,0.7142857142857143,0.742857142857143,0.8745454545454546,0.8784343434343433,0.8745454545454546,0.8695147989265637,3,1,3,3,1,1,1,1,14
"XGBClassifier(base_score=None, booster=None, callbacks=None,
              colsample_bylevel=None, colsample_bynode=None,
              colsample_bytree=0.13788545336481878, early_stopping_rounds=None,
              enable_categorical=False, eval_metric=None, feature_types=None,
              gamma=None, gpu_id=None, grow_policy=None, importance_type=None,
              interaction_constraints=None, learning_rate=0.04493698951791079,
              max_bin=None, max_cat_threshold=None, max_cat_to_onehot=None,
              max_delta_step=None, max_depth=42, max_leaves=None,
              min_child_weight=None, missing=nan, monotone_constraints=None,
              n_estimators=56, n_jobs=None, num_parallel_tree=None,
              predictor=None, random_state=None, ...)",0.7619047619047619,0.7845238095238096,0.7619047619047619,0.7715247715247715,0.8363636363636363,0.8205782828282828,0.8363636363636363,0.8044244758509465,0,3,1,1,3,4,3,4,19
"DecisionTreeClassifier(max_depth=50, min_samples_leaf=4, min_samples_split=20)",0.7142857142857143,0.8186813186813188,0.7142857142857143,0.742857142857143,0.8281818181818181,0.8394444444444445,0.8281818181818181,0.8239165638283286,4,2,4,4,4,3,4,3,28
LogisticRegression(C=14.220041165394568),0.7142857142857143,0.7142857142857143,0.7142857142857143,0.7142857142857143,0.7509090909090909,0.727510101010101,0.7509090909090909,0.7139419420448833,5,5,5,5,5,5,5,5,40
