,Accuracy,Precision,Recall,F1,10kf_Accuracy,10kf_Precision,10kf_Recall,10kf_F1,Accuracy_sort,Precision_sort,Recall_sort,F1_sort,10kf_Accuracy_sort,10kf_Precision_sort,10kf_Recall_sort,10kf_F1_sort,sort_score
<catboost.core.CatBoostClassifier object at 0x000001CDC4FC4190>,1.0,1.0,1.0,1.0,0.9736353077816492,0.9747289070459804,0.9736353077816492,0.9733899917367095,0,0,0,0,1,1,1,1,4
"XGBClassifier(base_score=None, booster=None, callbacks=None,
              colsample_bylevel=None, colsample_bynode=None,
              colsample_bytree=0.7519065437922328, early_stopping_rounds=None,
              enable_categorical=False, eval_metric=None, feature_types=None,
              gamma=None, gpu_id=None, grow_policy=None, importance_type=None,
              interaction_constraints=None, learning_rate=1.0, max_bin=None,
              max_cat_threshold=None, max_cat_to_onehot=None,
              max_delta_step=None, max_depth=3, max_leaves=None,
              min_child_weight=None, missing=nan, monotone_constraints=None,
              n_estimators=73, n_jobs=None, num_parallel_tree=None,
              objective='multi:softprob', predictor=None, ...)",1.0,1.0,1.0,1.0,0.9711962833914052,0.9744156346943804,0.9711962833914052,0.9707964772655927,1,1,1,1,2,2,2,2,12
"SVC(C=43.34749870114995, gamma=6.126833727764344)",0.9879518072289156,0.9882530120481928,0.9879518072289156,0.9878998893500206,0.9759581881533101,0.9785071974096364,0.9759581881533101,0.9755580557358948,3,3,3,3,0,0,0,0,12
"RandomForestClassifier(max_depth=50, n_estimators=10)",0.9879518072289156,0.9885255306942055,0.9879518072289156,0.9879705641455286,0.9637630662020905,0.972144251412544,0.9639953542392569,0.9681637950712154,2,2,2,2,3,3,3,3,20
"DecisionTreeClassifier(max_depth=50, min_samples_leaf=20, min_samples_split=20)",0.9397590361445783,0.9437127668100339,0.9397590361445783,0.9387445887445889,0.9325783972125434,0.9389066463488998,0.9325783972125434,0.9315034171058649,4,4,4,4,4,4,4,4,32
LogisticRegression(C=6219.651807261148),0.927710843373494,0.9369184053286316,0.927710843373494,0.9250391175089969,0.8697444831591173,0.8827874699825919,0.8697444831591173,0.8701810265121022,5,5,5,5,5,5,5,5,40
