,Accuracy,Precision,Recall,F1,10kf_Accuracy,10kf_Precision,10kf_Recall,10kf_F1,Accuracy_sort,Precision_sort,Recall_sort,F1_sort,10kf_Accuracy_sort,10kf_Precision_sort,10kf_Recall_sort,10kf_F1_sort,sort_score
<catboost.core.CatBoostClassifier object at 0x000001DE21670700>,0.95,0.9506387921022068,0.95,0.9494886363636365,0.9747435897435898,0.9756312483812483,0.9747435897435898,0.9745762984550168,0,0,0,0,0,0,1,1,2
"XGBClassifier(base_score=None, booster=None, callbacks=None,
              colsample_bylevel=None, colsample_bynode=None,
              colsample_bytree=0.6064880114816057, early_stopping_rounds=None,
              enable_categorical=False, eval_metric=None, feature_types=None,
              gamma=None, gpu_id=None, grow_policy=None, importance_type=None,
              interaction_constraints=None, learning_rate=0.2071114283775336,
              max_bin=None, max_cat_threshold=None, max_cat_to_onehot=None,
              max_delta_step=None, max_depth=20, max_leaves=None,
              min_child_weight=None, missing=nan, monotone_constraints=None,
              n_estimators=303, n_jobs=None, num_parallel_tree=None,
              objective='multi:softprob', predictor=None, ...)",0.95,0.9506387921022068,0.95,0.9494886363636365,0.9723717948717947,0.9740864274614273,0.9723717948717947,0.9723385914298385,1,1,1,1,1,1,2,2,10
"RandomForestClassifier(max_depth=10, min_samples_split=20)",0.95,0.9506387921022068,0.95,0.9494886363636365,0.9698076923076921,0.9709645817145816,0.9748076923076923,0.9747038651043226,2,2,2,2,3,3,0,0,14
"SVC(C=773.3323673888887, gamma=1.4486925840362521)",0.925,0.925,0.925,0.925,0.9698717948717949,0.971731449106449,0.9698717948717949,0.969651703530422,4,4,4,4,2,2,3,3,26
DecisionTreeClassifier(max_depth=10),0.95,0.9506387921022068,0.95,0.9494886363636365,0.9597435897435898,0.9635128205128204,0.9598076923076923,0.9673675014693321,3,3,3,3,4,4,4,4,28
LogisticRegression(C=479.60902489679876),0.85,0.8810049019607844,0.85,0.852,0.8941666666666667,0.8991101533793839,0.8941666666666667,0.8939424378420373,5,5,5,5,5,5,5,5,40
