,Accuracy,Precision,Recall,F1,10kf_Accuracy,10kf_Precision,10kf_Recall,10kf_F1,Accuracy_sort,Precision_sort,Recall_sort,F1_sort,10kf_Accuracy_sort,10kf_Precision_sort,10kf_Recall_sort,10kf_F1_sort,sort_score
<catboost.core.CatBoostClassifier object at 0x000001C92CAF0130>,0.9090909090909091,0.9191919191919191,0.9090909090909091,0.9026737967914439,0.8872727272727273,0.8930176767676767,0.8872727272727273,0.8825212010212009,0,0,0,0,0,1,0,0,1
RandomForestClassifier(max_depth=50),0.9090909090909091,0.9191919191919191,0.9090909090909091,0.9026737967914439,0.8536363636363637,0.889760101010101,0.8445454545454545,0.8287597402597402,1,1,1,1,3,2,3,4,16
DecisionTreeClassifier(max_depth=50),0.8636363636363636,0.8851674641148325,0.8636363636363636,0.8467532467532467,0.8618181818181819,0.8621464646464645,0.8709090909090909,0.8647288071405719,3,3,3,3,2,3,2,2,21
"SVC(C=1000000.0, gamma=10.0)",0.8181818181818182,0.8106060606060607,0.8181818181818182,0.8053475935828878,0.8800000000000001,0.895239898989899,0.8800000000000001,0.8748361638361638,4,5,5,4,1,0,1,1,21
"XGBClassifier(base_score=None, booster=None, callbacks=None,
              colsample_bylevel=None, colsample_bynode=None,
              colsample_bytree=1.0, early_stopping_rounds=None,
              enable_categorical=False, eval_metric=None, feature_types=None,
              gamma=None, gpu_id=None, grow_policy=None, importance_type=None,
              interaction_constraints=None, learning_rate=1.0, max_bin=None,
              max_cat_threshold=None, max_cat_to_onehot=None,
              max_delta_step=None, max_depth=3, max_leaves=None,
              min_child_weight=None, missing=nan, monotone_constraints=None,
              n_estimators=500, n_jobs=None, num_parallel_tree=None,
              predictor=None, random_state=None, ...)",0.8636363636363636,0.8851674641148325,0.8636363636363636,0.8467532467532467,0.8345454545454546,0.8457467532467533,0.8345454545454546,0.8331410811410812,2,2,2,2,4,4,4,3,23
LogisticRegression(C=1.6545704475148661),0.8181818181818182,0.8545454545454546,0.8181818181818182,0.7828282828282828,0.7145454545454546,0.7080716253443524,0.7145454545454546,0.6718523469994059,5,4,4,5,5,5,5,5,38
