,Accuracy,Precision,Recall,F1,10kf_Accuracy,10kf_Precision,10kf_Recall,10kf_F1,Accuracy_sort,Precision_sort,Recall_sort,F1_sort,10kf_Accuracy_sort,10kf_Precision_sort,10kf_Recall_sort,10kf_F1_sort,sort_score
"XGBClassifier(base_score=None, booster=None, callbacks=None,
              colsample_bylevel=None, colsample_bynode=None,
              colsample_bytree=0.8729042340688068, early_stopping_rounds=None,
              enable_categorical=False, eval_metric=None, feature_types=None,
              gamma=None, gpu_id=None, grow_policy=None, importance_type=None,
              interaction_constraints=None, learning_rate=0.14439703433757325,
              max_bin=None, max_cat_threshold=None, max_cat_to_onehot=None,
              max_delta_step=None, max_depth=22, max_leaves=None,
              min_child_weight=None, missing=nan, monotone_constraints=None,
              n_estimators=422, n_jobs=None, num_parallel_tree=None,
              objective='multi:softprob', predictor=None, ...)",0.9859154929577465,0.9865556978233034,0.9859154929577465,0.9859800796261355,0.9717460317460317,0.9741066594988164,0.9717460317460317,0.9713931371565965,1,2,2,1,1,1,0,3,11
<catboost.core.CatBoostClassifier object at 0x0000025AB6C25280>,0.9859154929577465,0.9865556978233034,0.9859154929577465,0.9858184420909609,0.9717460317460317,0.9737798621131954,0.9717460317460317,0.9714503518313228,0,1,1,3,2,2,1,2,12
RandomForestClassifier(max_depth=10),0.9859154929577465,0.9865556978233034,0.9859154929577465,0.9859800796261355,0.9802380952380952,0.9845157928491263,0.9716666666666667,0.9773194344431879,2,3,3,2,0,0,3,0,13
DecisionTreeClassifier(max_depth=10),0.9859154929577465,0.9868544600938967,0.9859154929577465,0.9860591426167495,0.963095238095238,0.9691777273198842,0.9688888888888888,0.9599371567288918,3,0,0,0,4,4,4,4,19
"SVC(C=1000000.0, gamma=8.306971456170766)",0.9859154929577465,0.9865556978233034,0.9859154929577465,0.9858184420909609,0.9717460317460317,0.9737438248026484,0.9717460317460317,0.9715278351878556,4,4,4,4,3,3,2,1,25
LogisticRegression(C=0.4066634791898509),0.8591549295774648,0.8656395385890001,0.8591549295774648,0.8607496832848945,0.8556349206349207,0.8603497732426304,0.8556349206349207,0.8548544575725027,5,5,5,5,5,5,5,5,40
