,Accuracy,Precision,Recall,F1,10kf_Accuracy,10kf_Precision,10kf_Recall,10kf_F1,Accuracy_sort,Precision_sort,Recall_sort,F1_sort,10kf_Accuracy_sort,10kf_Precision_sort,10kf_Recall_sort,10kf_F1_sort,sort_score
<catboost.core.CatBoostClassifier object at 0x000001CDC610E2B0>,0.963855421686747,0.9657089898053755,0.963855421686747,0.9640117225659395,0.9710801393728223,0.9728571033838775,0.9710801393728223,0.9706619399992157,1,1,1,1,0,0,0,0,4
"SVC(C=20865.362817216745, gamma=0.17360628476860795)",0.9759036144578314,0.9777571825764597,0.9759036144578314,0.9761582917033991,0.9637049941927991,0.9643160024257587,0.9637049941927991,0.9628599186720226,0,0,0,0,2,3,2,2,9
"XGBClassifier(base_score=None, booster=None, callbacks=None,
              colsample_bylevel=None, colsample_bynode=None,
              colsample_bytree=0.7510665510030913, early_stopping_rounds=None,
              enable_categorical=False, eval_metric=None, feature_types=None,
              gamma=None, gpu_id=None, grow_policy=None, importance_type=None,
              interaction_constraints=None, learning_rate=0.025623778690351914,
              max_bin=None, max_cat_threshold=None, max_cat_to_onehot=None,
              max_delta_step=None, max_depth=37, max_leaves=None,
              min_child_weight=None, missing=nan, monotone_constraints=None,
              n_estimators=362, n_jobs=None, num_parallel_tree=None,
              objective='multi:softprob', predictor=None, ...)",0.9518072289156626,0.9526493854204697,0.9518072289156626,0.9516648927448272,0.9637630662020905,0.965358098323897,0.9637630662020905,0.963381636094746,2,3,3,4,1,2,1,1,17
"RandomForestClassifier(max_depth=50, min_samples_split=4, n_estimators=10)",0.9518072289156626,0.9524454575056985,0.9518072289156626,0.9519350872879272,0.9613240418118467,0.9665990121186304,0.9516840882694539,0.9581120804444371,3,4,4,3,3,1,3,3,24
DecisionTreeClassifier(max_depth=50),0.9518072289156626,0.9558232931726907,0.9518072289156626,0.9521276079337494,0.9516260162601627,0.9609803108235162,0.9468060394889661,0.9458052339611086,4,2,2,2,4,4,4,4,26
LogisticRegression(C=31.55914726152667),0.8674698795180723,0.8829422954977806,0.8674698795180723,0.8704149933065595,0.8694541231126596,0.8799367038683498,0.8694541231126596,0.8686021073326902,5,5,5,5,5,5,5,5,40
