,Accuracy,Precision,Recall,F1,10kf_Accuracy,10kf_Precision,10kf_Recall,10kf_F1,Accuracy_sort,Precision_sort,Recall_sort,F1_sort,10kf_Accuracy_sort,10kf_Precision_sort,10kf_Recall_sort,10kf_F1_sort,sort_score
"RandomForestClassifier(max_depth=10, n_estimators=10)",0.8888888888888888,0.9047619047619047,0.8888888888888888,0.882051282051282,0.7944444444444445,0.8943452380952381,0.851388888888889,0.8309163059163058,0,0,0,0,4,0,2,4,10
"XGBClassifier(base_score=None, booster=None, callbacks=None,
              colsample_bylevel=None, colsample_bynode=None,
              colsample_bytree=0.5180361901538144, early_stopping_rounds=None,
              enable_categorical=False, eval_metric=None, feature_types=None,
              gamma=None, gpu_id=None, grow_policy=None, importance_type=None,
              interaction_constraints=None, learning_rate=0.27676347554490266,
              max_bin=None, max_cat_threshold=None, max_cat_to_onehot=None,
              max_delta_step=None, max_depth=13, max_leaves=None,
              min_child_weight=None, missing=nan, monotone_constraints=None,
              n_estimators=201, n_jobs=None, num_parallel_tree=None,
              predictor=None, random_state=None, ...)",0.7777777777777778,0.7738095238095238,0.7777777777777778,0.764102564102564,0.8638888888888889,0.8814087301587301,0.8638888888888889,0.8564507714507714,3,3,3,3,0,1,1,0,14
<catboost.core.CatBoostClassifier object at 0x000002D52E64FC10>,0.8333333333333334,0.8307692307692308,0.8333333333333334,0.829090909090909,0.851388888888889,0.8768849206349205,0.851388888888889,0.8391147741147741,2,2,2,2,2,2,3,1,16
"SVC(C=811346.3880139749, gamma=2.9788556623454134)",0.8888888888888888,0.9047619047619047,0.8888888888888888,0.882051282051282,0.8375,0.8674503968253969,0.8375,0.8326773226773228,1,1,1,1,3,3,4,3,17
DecisionTreeClassifier(max_depth=50),0.6666666666666666,0.6666666666666666,0.6666666666666666,0.6666666666666666,0.8625,0.8657738095238094,0.8736111111111111,0.834070929070929,5,5,5,5,1,4,0,2,27
LogisticRegression(C=6219.651807261148),0.7222222222222222,0.711111111111111,0.7222222222222222,0.691358024691358,0.7722222222222221,0.7709126984126983,0.7722222222222221,0.7587973137973137,4,4,4,4,5,5,5,5,36
