,Accuracy,Precision,Recall,F1,10kf_Accuracy,10kf_Precision,10kf_Recall,10kf_F1,Accuracy_sort,Precision_sort,Recall_sort,F1_sort,10kf_Accuracy_sort,10kf_Precision_sort,10kf_Recall_sort,10kf_F1_sort,sort_score
"SVC(C=41.47632612976154, gamma=5.058026442773473)",0.9130434782608695,0.9254658385093167,0.9130434782608695,0.9120401337792643,0.9287878787878787,0.9147023262932352,0.9287878787878787,0.9155099275223113,0,0,0,0,0,0,0,0,0
DecisionTreeClassifier(max_depth=50),0.8695652173913043,0.8956521739130435,0.8695652173913043,0.86651411136537,0.8484848484848484,0.871065416065416,0.8659090909090909,0.818940622500994,1,1,1,1,2,2,2,2,12
<catboost.core.CatBoostClassifier object at 0x000001BD41F749D0>,0.8260869565217391,0.8350586611456177,0.8260869565217391,0.8240802675585283,0.9015151515151516,0.8960575451484543,0.9015151515151516,0.8856129835077203,2,2,2,2,1,1,1,1,12
"XGBClassifier(base_score=None, booster=None, callbacks=None,
              colsample_bylevel=None, colsample_bynode=None,
              colsample_bytree=0.44334306504094845, early_stopping_rounds=None,
              enable_categorical=False, eval_metric=None, feature_types=None,
              gamma=None, gpu_id=None, grow_policy=None, importance_type=None,
              interaction_constraints=None, learning_rate=0.010604974569202601,
              max_bin=None, max_cat_threshold=None, max_cat_to_onehot=None,
              max_delta_step=None, max_depth=3, max_leaves=None,
              min_child_weight=None, missing=nan, monotone_constraints=None,
              n_estimators=500, n_jobs=None, num_parallel_tree=None,
              predictor=None, random_state=None, ...)",0.7391304347826086,0.8260869565217391,0.7391304347826086,0.716304347826087,0.8287878787878789,0.8270087235996326,0.8287878787878789,0.818048195354697,3,3,3,4,4,3,3,3,26
"RandomForestClassifier(max_depth=10, n_estimators=10)",0.7391304347826086,0.7686335403726708,0.7391304347826086,0.7287784679089025,0.8469696969696969,0.8220423936333026,0.8121212121212121,0.798866188277953,4,4,4,3,3,4,4,4,30
LogisticRegression(C=4.341355378873763),0.6521739130434783,0.7014492753623188,0.6521739130434783,0.6217391304347827,0.7151515151515152,0.6866474266474266,0.7151515151515152,0.6751426992913061,5,5,5,5,5,5,5,5,40
