,Accuracy,Precision,Recall,F1,10kf_Accuracy,10kf_Precision,10kf_Recall,10kf_F1,Accuracy_sort,Precision_sort,Recall_sort,F1_sort,10kf_Accuracy_sort,10kf_Precision_sort,10kf_Recall_sort,10kf_F1_sort,sort_score
"SVC(C=1000000.0, gamma=0.7512231240453444, kernel='poly')",0.9047619047619048,0.9047619047619048,0.9047619047619048,0.9047619047619048,0.8754545454545454,0.8857020202020204,0.8754545454545454,0.8671477378830319,0,0,0,0,0,0,0,0,0
<catboost.core.CatBoostClassifier object at 0x0000018E937656A0>,0.7619047619047619,0.7761904761904761,0.7619047619047619,0.7513227513227514,0.8290909090909091,0.8400631313131314,0.8290909090909091,0.822863894275659,1,3,1,1,1,2,1,1,11
"XGBClassifier(base_score=None, booster=None, callbacks=None,
              colsample_bylevel=None, colsample_bynode=None,
              colsample_bytree=0.1, early_stopping_rounds=None,
              enable_categorical=False, eval_metric=None, feature_types=None,
              gamma=None, gpu_id=None, grow_policy=None, importance_type=None,
              interaction_constraints=None, learning_rate=0.32632614201080334,
              max_bin=None, max_cat_threshold=None, max_cat_to_onehot=None,
              max_delta_step=None, max_depth=7, max_leaves=None,
              min_child_weight=None, missing=nan, monotone_constraints=None,
              n_estimators=500, n_jobs=None, num_parallel_tree=None,
              predictor=None, random_state=None, ...)",0.7619047619047619,0.7761904761904761,0.7619047619047619,0.7513227513227514,0.8281818181818181,0.8551464646464646,0.8281818181818181,0.8188498250115896,2,4,2,2,2,1,2,2,17
"DecisionTreeClassifier(max_depth=10, min_samples_split=4)",0.7619047619047619,0.7761904761904761,0.7619047619047619,0.7513227513227514,0.8081818181818182,0.8068055555555557,0.7981818181818181,0.7957551223286516,3,5,3,3,3,3,3,3,26
LogisticRegression(C=6219.651807261148),0.7142857142857143,0.8095238095238095,0.7142857142857143,0.6714285714285715,0.769090909090909,0.7408073593073593,0.769090909090909,0.744060606060606,4,1,4,4,5,5,5,5,33
"RandomForestClassifier(max_depth=1, min_samples_leaf=4, min_samples_split=4,
                       n_estimators=1000)",0.6666666666666666,0.7894736842105262,0.6666666666666666,0.5982404692082112,0.78,0.7834823232323231,0.7899999999999999,0.745708853238265,5,2,5,5,4,4,4,4,33
