,Accuracy,Precision,Recall,F1,10kf_Accuracy,10kf_Precision,10kf_Recall,10kf_F1,Accuracy_sort,Precision_sort,Recall_sort,F1_sort,10kf_Accuracy_sort,10kf_Precision_sort,10kf_Recall_sort,10kf_F1_sort,sort_score
<catboost.core.CatBoostClassifier object at 0x000001BD42242730>,0.9047619047619048,0.9174603174603174,0.9047619047619048,0.901360544217687,0.8663636363636364,0.8938333333333333,0.8663636363636364,0.8644769838005132,0,0,0,0,1,1,1,1,4
"SVC(C=1000000.0, gamma=10.0)",0.9047619047619048,0.9174603174603174,0.9047619047619048,0.901360544217687,0.8863636363636365,0.9042676767676767,0.8863636363636365,0.8829807414807416,1,1,1,1,0,0,0,0,4
"XGBClassifier(base_score=None, booster=None, callbacks=None,
              colsample_bylevel=None, colsample_bynode=None,
              colsample_bytree=0.8886614405190434, early_stopping_rounds=None,
              enable_categorical=False, eval_metric=None, feature_types=None,
              gamma=None, gpu_id=None, grow_policy=None, importance_type=None,
              interaction_constraints=None, learning_rate=0.01, max_bin=None,
              max_cat_threshold=None, max_cat_to_onehot=None,
              max_delta_step=None, max_depth=50, max_leaves=None,
              min_child_weight=None, missing=nan, monotone_constraints=None,
              n_estimators=125, n_jobs=None, num_parallel_tree=None,
              predictor=None, random_state=None, ...)",0.7619047619047619,0.7585034013605442,0.7619047619047619,0.7583774250440916,0.7990909090909091,0.8313712121212122,0.7990909090909091,0.7883502886002887,2,2,2,2,4,3,4,4,23
"RandomForestClassifier(max_depth=50, min_samples_leaf=4, n_estimators=10)",0.7619047619047619,0.7585034013605442,0.7619047619047619,0.7583774250440916,0.8209090909090909,0.816320707070707,0.8090909090909092,0.841441907765437,3,3,3,3,3,4,3,2,24
"DecisionTreeClassifier(max_depth=10, min_samples_split=4)",0.7619047619047619,0.7585034013605442,0.7619047619047619,0.7583774250440916,0.8363636363636363,0.87736544011544,0.8172727272727272,0.7980581248816543,4,4,4,4,2,2,2,3,25
LogisticRegression(C=67.58968704780385),0.6666666666666666,0.6541666666666667,0.6666666666666666,0.645446507515473,0.7427272727272727,0.6913863636363636,0.7427272727272727,0.7093490790255496,5,5,5,5,5,5,5,5,40
