,Accuracy,Precision,Recall,F1,10kf_Accuracy,10kf_Precision,10kf_Recall,10kf_F1,Accuracy_sort,Precision_sort,Recall_sort,F1_sort,10kf_Accuracy_sort,10kf_Precision_sort,10kf_Recall_sort,10kf_F1_sort,sort_score
<catboost.core.CatBoostClassifier object at 0x0000018E93727430>,0.9047619047619048,0.9194139194139194,0.9047619047619048,0.9034391534391534,0.9045454545454547,0.9206818181818182,0.9045454545454547,0.8984574396192043,1,1,1,2,0,0,0,0,5
RandomForestClassifier(max_depth=10),0.9523809523809523,0.9563492063492063,0.9523809523809523,0.9521630162362429,0.8372727272727273,0.852459595959596,0.8381818181818183,0.8519444526062173,0,0,0,0,2,2,2,2,8
"SVC(C=1000000.0, gamma=10.0)",0.9047619047619048,0.9047619047619048,0.9047619047619048,0.9047619047619048,0.8863636363636364,0.885881313131313,0.8863636363636364,0.866696999079352,3,3,3,1,1,1,1,1,14
"XGBClassifier(base_score=None, booster=None, callbacks=None,
              colsample_bylevel=None, colsample_bynode=None,
              colsample_bytree=1.0, early_stopping_rounds=None,
              enable_categorical=False, eval_metric=None, feature_types=None,
              gamma=None, gpu_id=None, grow_policy=None, importance_type=None,
              interaction_constraints=None, learning_rate=0.9506924094899526,
              max_bin=None, max_cat_threshold=None, max_cat_to_onehot=None,
              max_delta_step=None, max_depth=37, max_leaves=None,
              min_child_weight=None, missing=nan, monotone_constraints=None,
              n_estimators=289, n_jobs=None, num_parallel_tree=None,
              predictor=None, random_state=None, ...)",0.9047619047619048,0.9194139194139194,0.9047619047619048,0.9034391534391534,0.8372727272727273,0.8447222222222223,0.8372727272727273,0.8274804639804639,2,2,2,3,3,3,3,3,21
"DecisionTreeClassifier(max_depth=1, min_samples_leaf=4, min_samples_split=20)",0.8095238095238095,0.8603174603174603,0.8095238095238095,0.8003663003663003,0.7990909090909091,0.7692180899908172,0.7990909090909091,0.7607588995971349,4,4,4,4,4,4,4,4,32
LogisticRegression(C=1.497497477525249),0.6190476190476191,0.7794486215538847,0.6190476190476191,0.5428571428571429,0.7354545454545456,0.6352830578512397,0.7354545454545456,0.654697266785502,5,5,5,5,5,5,5,5,40
