,Accuracy,Precision,Recall,F1,10kf_Accuracy,10kf_Precision,10kf_Recall,10kf_F1,Accuracy_sort,Precision_sort,Recall_sort,F1_sort,10kf_Accuracy_sort,10kf_Precision_sort,10kf_Recall_sort,10kf_F1_sort,sort_score
<catboost.core.CatBoostClassifier object at 0x00000188799881C0>,0.88,0.8738095238095238,0.88,0.8747967479674795,0.8852564102564102,0.8887678062678063,0.8852564102564102,0.8808001905215528,2,2,2,2,0,1,1,0,10
"XGBClassifier(base_score=None, booster=None, callbacks=None,
              colsample_bylevel=None, colsample_bynode=None,
              colsample_bytree=1.0, early_stopping_rounds=None,
              enable_categorical=False, eval_metric=None, feature_types=None,
              gamma=None, gpu_id=None, grow_policy=None, importance_type=None,
              interaction_constraints=None, learning_rate=0.08219493247191369,
              max_bin=None, max_cat_threshold=None, max_cat_to_onehot=None,
              max_delta_step=None, max_depth=50, max_leaves=None,
              min_child_weight=None, missing=nan, monotone_constraints=None,
              n_estimators=50, n_jobs=None, num_parallel_tree=None,
              predictor=None, random_state=None, ...)",0.92,0.9272727272727272,0.92,0.9119047619047619,0.8352564102564102,0.8478683353683353,0.8352564102564102,0.8303084382650947,0,0,0,0,3,3,3,3,12
"SVC(C=208462.40061118646, gamma=0.032408706948672567)",0.8,0.8157894736842105,0.8,0.8065268065268065,0.8852564102564102,0.9042411292411293,0.8852564102564102,0.8724295530177884,5,4,4,4,1,0,0,1,19
RandomForestClassifier(max_depth=50),0.88,0.8738095238095238,0.88,0.8747967479674795,0.860897435897436,0.8599847374847375,0.860897435897436,0.8368150391060608,3,3,3,3,2,2,2,2,20
LogisticRegression(C=43.37819905454703),0.92,0.9272727272727272,0.92,0.9119047619047619,0.7608974358974359,0.7594511969511968,0.7608974358974359,0.7461627548005257,1,1,1,1,5,5,5,5,24
"DecisionTreeClassifier(max_depth=50, min_samples_split=20)",0.8,0.7857142857142857,0.8,0.7913279132791327,0.8096153846153845,0.8430006105006106,0.8179487179487179,0.80678598204914,4,5,5,5,4,4,4,4,35
