,Accuracy,Precision,Recall,F1,10kf_Accuracy,10kf_Precision,10kf_Recall,10kf_F1,Accuracy_sort,Precision_sort,Recall_sort,F1_sort,10kf_Accuracy_sort,10kf_Precision_sort,10kf_Recall_sort,10kf_F1_sort,sort_score
"SVC(C=1000000.0, gamma=10.0)",1.0,1.0,1.0,1.0,0.9177777777777779,0.9276984126984129,0.9177777777777779,0.9105292022792023,0,0,0,0,0,0,0,0,0
<catboost.core.CatBoostClassifier object at 0x000002BBCDE03700>,0.8,0.9142857142857143,0.8,0.8266666666666665,0.8166666666666667,0.8087477954144621,0.8166666666666667,0.8001590354090353,2,1,2,2,2,3,3,3,18
"XGBClassifier(base_score=None, booster=None, callbacks=None,
              colsample_bylevel=None, colsample_bynode=None,
              colsample_bytree=0.8656829156631977, early_stopping_rounds=None,
              enable_categorical=False, eval_metric=None, feature_types=None,
              gamma=None, gpu_id=None, grow_policy=None, importance_type=None,
              interaction_constraints=None, learning_rate=0.015378288073383308,
              max_bin=None, max_cat_threshold=None, max_cat_to_onehot=None,
              max_delta_step=None, max_depth=18, max_leaves=None,
              min_child_weight=None, missing=nan, monotone_constraints=None,
              n_estimators=54, n_jobs=None, num_parallel_tree=None,
              predictor=None, random_state=None, ...)",0.75,0.8392857142857142,0.75,0.7795698924731183,0.8355555555555556,0.8380595238095238,0.8355555555555556,0.8272606837606838,3,3,3,3,1,1,2,2,18
LogisticRegression(C=6219.651807261148),0.85,0.871875,0.85,0.8584415584415584,0.7666666666666666,0.7470811287477954,0.7666666666666666,0.7439850427350427,1,2,1,1,4,5,5,5,24
DecisionTreeClassifier(max_depth=10),0.7,0.7666666666666667,0.7,0.728125,0.8044444444444444,0.8126984126984127,0.8444444444444444,0.8381773504273504,5,5,5,5,3,2,1,1,27
"RandomForestClassifier(max_depth=10, min_samples_leaf=4, n_estimators=10)",0.7,0.7666666666666667,0.7,0.728125,0.7666666666666666,0.7763311287477954,0.8055555555555556,0.7572423687423688,4,4,4,4,5,4,4,4,33
