,Accuracy,Precision,Recall,F1,10kf_Accuracy,10kf_Precision,10kf_Recall,10kf_F1,Accuracy_sort,Precision_sort,Recall_sort,F1_sort,10kf_Accuracy_sort,10kf_Precision_sort,10kf_Recall_sort,10kf_F1_sort,sort_score
<catboost.core.CatBoostClassifier object at 0x0000018879A34E20>,0.92,0.92,0.92,0.92,0.8935897435897434,0.9084900284900284,0.8935897435897434,0.8879206059391818,0,0,0,0,1,1,1,1,4
"SVC(C=92.97402337947821, gamma=1.7913258786756003)",0.8,0.7857142857142857,0.8,0.7913279132791327,0.9096153846153847,0.9251903651903651,0.9096153846153847,0.90121453709689,3,3,3,3,0,0,0,0,12
"XGBClassifier(base_score=None, booster=None, callbacks=None,
              colsample_bylevel=None, colsample_bynode=None,
              colsample_bytree=0.1, early_stopping_rounds=None,
              enable_categorical=False, eval_metric=None, feature_types=None,
              gamma=None, gpu_id=None, grow_policy=None, importance_type=None,
              interaction_constraints=None, learning_rate=0.13125236590893488,
              max_bin=None, max_cat_threshold=None, max_cat_to_onehot=None,
              max_delta_step=None, max_depth=50, max_leaves=None,
              min_child_weight=None, missing=nan, monotone_constraints=None,
              n_estimators=500, n_jobs=None, num_parallel_tree=None,
              predictor=None, random_state=None, ...)",0.84,0.84,0.84,0.84,0.8846153846153847,0.9012820512820513,0.8846153846153847,0.8805226364049894,1,1,1,1,2,2,3,2,13
"RandomForestClassifier(max_depth=50, n_estimators=10)",0.8,0.7857142857142857,0.8,0.7913279132791327,0.8596153846153847,0.896096866096866,0.8929487179487179,0.8557669563551917,2,2,2,2,3,3,2,3,19
"DecisionTreeClassifier(max_depth=50, min_samples_leaf=4, min_samples_split=20)",0.68,0.7238095238095238,0.68,0.6982456140350877,0.8262820512820512,0.8468834868834868,0.8262820512820512,0.8195276401158754,5,4,5,5,4,4,4,4,35
LogisticRegression(C=1.8259375424593332),0.8,0.64,0.8,0.7111111111111111,0.7192307692307691,0.7157627557627557,0.7192307692307691,0.6742839249959994,4,5,4,4,5,5,5,5,37
