,Accuracy,Precision,Recall,F1,10kf_Accuracy,10kf_Precision,10kf_Recall,10kf_F1,Accuracy_sort,Precision_sort,Recall_sort,F1_sort,10kf_Accuracy_sort,10kf_Precision_sort,10kf_Recall_sort,10kf_F1_sort,sort_score
"SVC(C=144701.86305477112, gamma=0.2176813230393352)",0.8888888888888888,0.8862433862433863,0.8888888888888888,0.88597039816552,0.9186813186813187,0.9316007801722088,0.9186813186813187,0.916219479265145,0,0,0,0,0,0,0,0,0
<catboost.core.CatBoostClassifier object at 0x000001D10134C940>,0.8148148148148148,0.8063607085346215,0.8148148148148148,0.7960222378827031,0.9120879120879121,0.9236530136530137,0.9120879120879121,0.9074520053390023,2,3,3,3,1,1,1,1,15
"XGBClassifier(base_score=None, booster=None, callbacks=None,
              colsample_bylevel=None, colsample_bynode=None,
              colsample_bytree=1.0, early_stopping_rounds=None,
              enable_categorical=False, eval_metric=None, feature_types=None,
              gamma=None, gpu_id=None, grow_policy=None, importance_type=None,
              interaction_constraints=None, learning_rate=0.17037081205349916,
              max_bin=None, max_cat_threshold=None, max_cat_to_onehot=None,
              max_delta_step=None, max_depth=50, max_leaves=None,
              min_child_weight=None, missing=nan, monotone_constraints=None,
              n_estimators=408, n_jobs=None, num_parallel_tree=None,
              predictor=None, random_state=None, ...)",0.8148148148148148,0.8077601410934745,0.8148148148148148,0.8099506636092001,0.8752747252747252,0.8901222586936873,0.8752747252747252,0.8705315792738393,3,2,2,2,3,2,2,2,18
"DecisionTreeClassifier(max_depth=10, min_samples_split=4)",0.8518518518518519,0.8724279835390947,0.8518518518518519,0.8572124756335283,0.823076923076923,0.861117216117216,0.8236263736263736,0.8319675139102383,1,1,1,1,4,4,4,4,20
"RandomForestClassifier(max_depth=50, n_estimators=10)",0.8148148148148148,0.8063607085346215,0.8148148148148148,0.7960222378827031,0.8978021978021978,0.8744359806859807,0.8604395604395604,0.8703060995591956,4,4,4,4,2,3,3,3,27
LogisticRegression(C=2.801164738582392),0.7407407407407407,0.6925925925925925,0.7407407407407407,0.683127572016461,0.6890109890109891,0.6860556110556111,0.6890109890109891,0.6659266243609456,5,5,5,5,5,5,5,5,40
