,Accuracy,Precision,Recall,F1,10kf_Accuracy,10kf_Precision,10kf_Recall,10kf_F1,Accuracy_sort,Precision_sort,Recall_sort,F1_sort,10kf_Accuracy_sort,10kf_Precision_sort,10kf_Recall_sort,10kf_F1_sort,sort_score
"SVC(C=460464.4489673007, gamma=0.022275745123459752)",0.7777777777777778,0.8358974358974359,0.7777777777777778,0.7976190476190476,0.9222222222222222,0.9313492063492064,0.9222222222222222,0.9197757797757797,2,1,2,2,0,0,0,0,7
"RandomForestClassifier(max_depth=50, n_estimators=10)",0.7777777777777778,0.8358974358974359,0.7777777777777778,0.7976190476190476,0.898611111111111,0.8419642857142857,0.8527777777777776,0.794052059052059,1,0,1,1,1,3,3,4,14
"XGBClassifier(base_score=None, booster=None, callbacks=None,
              colsample_bylevel=None, colsample_bynode=None,
              colsample_bytree=0.4522599980917045, early_stopping_rounds=None,
              enable_categorical=False, eval_metric=None, feature_types=None,
              gamma=None, gpu_id=None, grow_policy=None, importance_type=None,
              interaction_constraints=None, learning_rate=0.07991300319100855,
              max_bin=None, max_cat_threshold=None, max_cat_to_onehot=None,
              max_delta_step=None, max_depth=17, max_leaves=None,
              min_child_weight=None, missing=nan, monotone_constraints=None,
              n_estimators=50, n_jobs=None, num_parallel_tree=None,
              predictor=None, random_state=None, ...)",0.8333333333333334,0.8125,0.8333333333333334,0.8193548387096775,0.8402777777777779,0.8339285714285716,0.8402777777777779,0.822862137862138,0,3,0,0,4,4,4,2,17
<catboost.core.CatBoostClassifier object at 0x000002D52E8C4F10>,0.7222222222222222,0.7559523809523809,0.7222222222222222,0.7372742200328408,0.898611111111111,0.9082341269841271,0.898611111111111,0.8961666111666112,3,4,4,4,2,1,1,1,20
DecisionTreeClassifier(max_depth=10),0.7222222222222222,0.8194444444444444,0.7222222222222222,0.7530864197530864,0.8416666666666666,0.8594246031746031,0.8638888888888889,0.8153740703740704,4,2,3,3,3,2,2,3,22
LogisticRegression(C=6219.651807261148),0.7222222222222222,0.6770833333333334,0.7222222222222222,0.6989247311827957,0.7722222222222223,0.7597222222222222,0.7722222222222223,0.7551209901209901,5,5,5,5,5,5,5,5,40
